Company,link
ByteDance,https://www.crunchbase.com/organization/bytedance
SpaceX,https://www.crunchbase.com/organization/space-exploration-technologies
SHEIN,https://www.crunchbase.com/organization/shein
Stripe,https://www.crunchbase.com/organization/stripe
Canva,https://www.crunchbase.com/organization/canva
Checkout.com,https://www.crunchbase.com/organization/checkout-com
Instacart,https://www.crunchbase.com/organization/instacart
Databricks,https://www.crunchbase.com/organization/databricks
Revolut,https://www.crunchbase.com/organization/revolut
Epic Games,https://www.crunchbase.com/organization/epic-games-2
Fanatics,https://www.crunchbase.com/organization/fanatics
Chime,https://www.crunchbase.com/organization/chime-2
BYJU's,https://www.crunchbase.com/organization/byju-s
J&T Express,https://www.crunchbase.com/organization/j-ventures
Xiaohongshu,https://www.crunchbase.com/organization/xiaohongshu
Miro,https://www.crunchbase.com/organization/realtimeboard
Yuanfudao,https://www.crunchbase.com/organization/yuanfudao
Discord,https://www.crunchbase.com/organization/discord
DJI Innovations,https://www.crunchbase.com/organization/dji
goPuff,https://www.crunchbase.com/organization/gopuff
Ripple,https://www.crunchbase.com/organization/ripple-labs
Yuanqi Senlin,https://www.crunchbase.com/organization/genki-forest
Blockchain.com,https://www.crunchbase.com/organization/blockchain-info
Plaid,https://www.crunchbase.com/organization/plaid
OpenSea,https://www.crunchbase.com/organization/opensea
Celonis,https://www.crunchbase.com/organization/celonis
Grammarly,https://www.crunchbase.com/organization/grammarly
Devoted Health,https://www.crunchbase.com/organization/devoted-health
Faire,https://www.crunchbase.com/organization/indigo-fair
Brex,https://www.crunchbase.com/organization/brex
Biosplice Therapeutics,https://www.crunchbase.com/organization/samumed
Bitmain Technologies,https://www.crunchbase.com/organization/bitmain
Deel,https://www.crunchbase.com/organization/deel
GoodLeap,https://www.crunchbase.com/organization/goodleap
JUUL Labs,https://www.crunchbase.com/organization/juul
Xingsheng Selected,https://www.crunchbase.com/organization/furong-xingsheng
Getir,https://www.crunchbase.com/organization/getir
Airtable,https://www.crunchbase.com/organization/airtable
ZongMu Technology,https://www.crunchbase.com/organization/zongmu
Rippling,https://www.crunchbase.com/organization/rippling
Global Switch,https://www.crunchbase.com/organization/global-switch
Bolt,https://www.crunchbase.com/organization/bolt-5
Bolt,https://www.crunchbase.com/organization/bolt-5
Weilong,https://www.crunchbase.com/organization/weilong-foods
Swiggy,https://www.crunchbase.com/organization/swiggy
Alchemy,https://www.crunchbase.com/organization/alchemy-insights
Chehaoduo,https://www.crunchbase.com/organization/guazi-com
Digital Currency Group,https://www.crunchbase.com/organization/digital-currency-group
Gusto,https://www.crunchbase.com/organization/gusto
KuCoin,https://www.crunchbase.com/organization/kucoin
Lalamove,https://www.crunchbase.com/organization/easyvan
Notion Labs,https://www.crunchbase.com/organization/notion-so
reddit,https://www.crunchbase.com/organization/reddit
Talkdesk,https://www.crunchbase.com/organization/talkdesk
Thrasio,https://www.crunchbase.com/organization/thrasio
OutSystems,https://www.crunchbase.com/organization/outsystems
ServiceTitan,https://www.crunchbase.com/organization/servicetitan
HEYTEA,https://www.crunchbase.com/organization/heytea
N26,https://www.crunchbase.com/organization/n26
Klaviyo,https://www.crunchbase.com/organization/klaviyo
TripActions,https://www.crunchbase.com/organization/navan
Northvolt,https://www.crunchbase.com/organization/northvolt-ab
Niantic,https://www.crunchbase.com/organization/nianticlabs
OYO Rooms,https://www.crunchbase.com/organization/oyo-rooms
Tanium,https://www.crunchbase.com/organization/tanium
Rapyd,https://www.crunchbase.com/organization/rapyd
Kavak,https://www.crunchbase.com/organization/kavak
Chainalysis,https://www.crunchbase.com/organization/chainalysis
Nuro,https://www.crunchbase.com/organization/nuro-2
Personio,https://www.crunchbase.com/organization/personio
Pony.ai,https://www.crunchbase.com/organization/pony-ai
SumUp,https://www.crunchbase.com/organization/sumup
Anduril,https://www.crunchbase.com/organization/anduril-industries
Lacework,https://www.crunchbase.com/organization/lacework
Tipalti,https://www.crunchbase.com/organization/tipalti
Ramp,https://www.crunchbase.com/organization/ramp-financial
Tempus,https://www.crunchbase.com/organization/tempus-3
Dream11,https://www.crunchbase.com/organization/dream11
FalconX,https://www.crunchbase.com/organization/falconx
Fireblocks,https://www.crunchbase.com/organization/fireblocks
Flexport,https://www.crunchbase.com/organization/flexport
StarkWare,https://www.crunchbase.com/organization/starkware-industries-ltd
Caris Life Sciences,https://www.crunchbase.com/organization/caris-life-sciences
Hopin,https://www.crunchbase.com/organization/hopin-8ff6
Dapper Labs,https://www.crunchbase.com/organization/dapper-labs
Automattic,https://www.crunchbase.com/organization/automattic
Netskope,https://www.crunchbase.com/organization/netskope
Ola Cabs,https://www.crunchbase.com/organization/ola
Razorpay,https://www.crunchbase.com/organization/razorpay
Carta,https://www.crunchbase.com/organization/eshares
Snyk,https://www.crunchbase.com/organization/snyk
Scale AI,https://www.crunchbase.com/organization/scale-2
Argo AI,https://www.crunchbase.com/organization/argo-ai
Gong,https://www.crunchbase.com/organization/gong-io
Gemini,https://www.crunchbase.com/organization/gemini-99b2
ConsenSys,https://www.crunchbase.com/organization/consensus-systems
Ro,https://www.crunchbase.com/organization/roman-2
Toss,https://www.crunchbase.com/organization/toss
We Doctor,https://www.crunchbase.com/organization/guahao
1Password,https://www.crunchbase.com/organization/1password
Automation Anywhere,https://www.crunchbase.com/organization/automation-anywhere
Klarna,https://www.crunchbase.com/organization/klarna
Ziroom,https://www.crunchbase.com/organization/ziroom
SVOLT,https://www.crunchbase.com/organization/svolt
Mollie,https://www.crunchbase.com/organization/mollie
National Stock Exchange of India,https://www.crunchbase.com/organization/national-stock-exchange
CRED,https://www.crunchbase.com/organization/cred-6ab0
Doctolib,https://www.crunchbase.com/organization/doctolib
DataRobot,https://www.crunchbase.com/organization/datarobot
Upgrade,https://www.crunchbase.com/organization/upgrade
Hinge Health,https://www.crunchbase.com/organization/hinge-health
Benchling,https://www.crunchbase.com/organization/benchling
Black Unicorn Factory,https://www.crunchbase.com/organization/black-unicorn-factory
Better.com,https://www.crunchbase.com/organization/bettermortgage
iCapital Network,https://www.crunchbase.com/organization/icapital-network
Royole Corporation,https://www.crunchbase.com/organization/royole-corporation
Wiz,https://www.crunchbase.com/organization/wiz-inc
Attentive,https://www.crunchbase.com/organization/attentive
Lyra Health,https://www.crunchbase.com/organization/lyra-health
Easyhome,https://www.crunchbase.com/organization/easyhome
Lianjia,https://www.crunchbase.com/organization/home-link
Back Market,https://www.crunchbase.com/organization/back-market
Cityblock Health,https://www.crunchbase.com/organization/cityblock-health
RELEX,https://www.crunchbase.com/organization/relex
The Boring Company,https://www.crunchbase.com/organization/the-boring-company
Vice Media,https://www.crunchbase.com/organization/vice
Workato,https://www.crunchbase.com/organization/workato
ContentSquare,https://www.crunchbase.com/organization/content-square
FiveTran,https://www.crunchbase.com/organization/fivetran
Postman,https://www.crunchbase.com/organization/postman
Airwallex,https://www.crunchbase.com/organization/airwallex
Mambu,https://www.crunchbase.com/organization/mambu
Trade Republic,https://www.crunchbase.com/organization/trade-republic
Collibra,https://www.crunchbase.com/organization/collibra
Rappi,https://www.crunchbase.com/organization/rappi
6Sense,https://www.crunchbase.com/organization/6sense
OneTrust,https://www.crunchbase.com/organization/onetrust
QuintoAndar,https://www.crunchbase.com/organization/quintoandar
C6 Bank,https://www.crunchbase.com/organization/c6-bank
Coalition,https://www.crunchbase.com/organization/coalition-535d
Cockroach Labs,https://www.crunchbase.com/organization/cockroach-labs
Flink,https://www.crunchbase.com/organization/flink-food-gmbh
Hello TransTech,https://www.crunchbase.com/organization/hellobike
Hopper,https://www.crunchbase.com/organization/hopper
Horizon Robotics,https://www.crunchbase.com/organization/horizon-robotics
Howden Group Holdings,https://www.crunchbase.com/organization/hyperion-insurance-group
Icertis,https://www.crunchbase.com/organization/icertis
Moon Active,https://www.crunchbase.com/organization/moon-active-ff8c
OakNorth Bank,https://www.crunchbase.com/organization/oaknorth
OfBusiness,https://www.crunchbase.com/organization/ofbusiness
Ola Electric Mobility,https://www.crunchbase.com/organization/ola-electric
Pine Labs,https://www.crunchbase.com/organization/pinelabs
Qonto,https://www.crunchbase.com/organization/qonto
SambaNova Systems,https://www.crunchbase.com/organization/sambanova-systems
ShareChat,https://www.crunchbase.com/organization/sharechat
VerSe Innovation,https://www.crunchbase.com/organization/verse-innovations
ZEPZ,https://www.crunchbase.com/organization/zepz
Grafana Labs,https://www.crunchbase.com/organization/raintank
Meesho,https://www.crunchbase.com/organization/meesho
Cerebral,https://www.crunchbase.com/organization/cerebral
Creditas,https://www.crunchbase.com/organization/creditas
Reify Health,https://www.crunchbase.com/organization/reify-health
Chipone,https://www.crunchbase.com/organization/chipone-technology
BetterUp,https://www.crunchbase.com/organization/betterup
Pleo,https://www.crunchbase.com/organization/pleo-company
SonarSource,https://www.crunchbase.com/organization/sonarsource
Checkr,https://www.crunchbase.com/organization/checkr
Color,https://www.crunchbase.com/organization/color-genomics
Lendable,https://www.crunchbase.com/organization/lendable
UBTECH Robotics,https://www.crunchbase.com/organization/ubtech
Vinted,https://www.crunchbase.com/organization/vinted
Lenskart,https://www.crunchbase.com/organization/lenskart-com
Monzo,https://www.crunchbase.com/organization/monzo
Socure,https://www.crunchbase.com/organization/socure
VIPKid,https://www.crunchbase.com/organization/vipkid
wefox,https://www.crunchbase.com/organization/wefox
Guild Education,https://www.crunchbase.com/organization/guild-education
Outreach,https://www.crunchbase.com/organization/outreach
WeRide,https://www.crunchbase.com/organization/werideai
Arctic Wolf Networks,https://www.crunchbase.com/organization/arctic-wolf-networks
Sorare,https://www.crunchbase.com/organization/sorare
Miaoshou Doctor,https://www.crunchbase.com/organization/miaoshou-doctor
dbt Labs,https://www.crunchbase.com/organization/dbt-labs
Globalization Partners,https://www.crunchbase.com/organization/globalization-partners
Relativity Space,https://www.crunchbase.com/organization/relativity-space
ThoughtSpot,https://www.crunchbase.com/organization/thoughtspot
SSENSE,https://www.crunchbase.com/organization/ssense
BitPanda,https://www.crunchbase.com/organization/bitpanda
Dataminr,https://www.crunchbase.com/organization/dataminr
Weee!,https://www.crunchbase.com/organization/weee
Abnormal Security,https://www.crunchbase.com/organization/abnormal-security
Aurora Solar,https://www.crunchbase.com/organization/aurora-solar
Branch,https://www.crunchbase.com/organization/branch-metrics
BrowserStack,https://www.crunchbase.com/organization/browserstack
Cerebras Systems,https://www.crunchbase.com/organization/cerebras-systems
ClickUp,https://www.crunchbase.com/organization/clickup
Clubhouse,https://www.crunchbase.com/organization/clubhouse-voice
Digit Insurance,https://www.crunchbase.com/organization/digit-insurance
Farmers Business Network,https://www.crunchbase.com/organization/farmers-business-network
Greensill,https://www.crunchbase.com/organization/greensill-capital
Houzz,https://www.crunchbase.com/organization/houzz
Impossible Foods,https://www.crunchbase.com/organization/impossible-foods
MEGVII,https://www.crunchbase.com/organization/megvii-technology
Melio,https://www.crunchbase.com/organization/melio-0bc5
Next Insurance,https://www.crunchbase.com/organization/next-insurance
Olive,https://www.crunchbase.com/organization/olive-ai
Patreon,https://www.crunchbase.com/organization/patreon
PointClickCare,https://www.crunchbase.com/organization/pointclickcare
Radiology Partners,https://www.crunchbase.com/organization/radiology-partners
Rubrik,https://www.crunchbase.com/organization/rubrik
Skydance Media,https://www.crunchbase.com/organization/skydance-media
Vuori,https://www.crunchbase.com/organization/vuori
Webflow,https://www.crunchbase.com/organization/webflow
Yello Mobile,https://www.crunchbase.com/organization/yello-mobile
Yuga Labs,https://www.crunchbase.com/organization/yuga-labs
Zapier,https://www.crunchbase.com/organization/zapier
Hozon Auto,https://www.crunchbase.com/organization/hozon
Medlinker,https://www.crunchbase.com/organization/medlinker
Convoy,https://www.crunchbase.com/organization/convoy-3
Intarcia Therapeutics,https://www.crunchbase.com/organization/intarcia-therapeutics
MessageBird,https://www.crunchbase.com/organization/messagebird
StockX,https://www.crunchbase.com/organization/stockx
Articulate,https://www.crunchbase.com/organization/articulate
Dutchie,https://www.crunchbase.com/organization/dutchie
Abogen,https://www.crunchbase.com/organization/abogen-biosciences
Cohesity,https://www.crunchbase.com/organization/cohesity
Dataiku,https://www.crunchbase.com/organization/dataiku
GOAT,https://www.crunchbase.com/organization/goatapp
Harness,https://www.crunchbase.com/organization/harness-512d
Noom,https://www.crunchbase.com/organization/noom
Papaya Global,https://www.crunchbase.com/organization/papaya-global
Redwood Materials,https://www.crunchbase.com/organization/redwood-materials-3
VAST Data,https://www.crunchbase.com/organization/vast-data
Whatnot,https://www.crunchbase.com/organization/whatnot
Autograph,https://www.crunchbase.com/organization/autograph-862f
Applied Intuition,https://www.crunchbase.com/organization/applied-intuition
Course Hero,https://www.crunchbase.com/organization/coursehero
Relativity,https://www.crunchbase.com/organization/kcura
SpotOn,https://www.crunchbase.com/organization/spoton
Whoop,https://www.crunchbase.com/organization/whoop-inc
Otto Bock HealthCare,https://www.crunchbase.com/organization/ottobock
Acronis,https://www.crunchbase.com/organization/acronis
Celsius Network,https://www.crunchbase.com/organization/celsius-network
ChargeBee Technologies,https://www.crunchbase.com/organization/chargebee
Commure,https://www.crunchbase.com/organization/commure
Flock Safety,https://www.crunchbase.com/organization/flock-safety
GoStudent,https://www.crunchbase.com/organization/gostudent
Handshake,https://www.crunchbase.com/organization/handshake-2
Helion Energy,https://www.crunchbase.com/organization/helion-energy
Highspot,https://www.crunchbase.com/organization/highspot-2
HyalRoute,https://www.crunchbase.com/organization/hyalroute
Indigo Ag,https://www.crunchbase.com/organization/indigoag
Mirakl,https://www.crunchbase.com/organization/mirakl
Rec Room,https://www.crunchbase.com/organization/against-gravity
Tekion,https://www.crunchbase.com/organization/tekion
Unacademy,https://www.crunchbase.com/organization/unacademy
Odoo,https://www.crunchbase.com/organization/odoo
MoonPay,https://www.crunchbase.com/organization/moonpay
Upstox,https://www.crunchbase.com/organization/upstox
Improbable,https://www.crunchbase.com/organization/improbable
OwnBackup,https://www.crunchbase.com/organization/ownbackup
Starburst,https://www.crunchbase.com/organization/starburst
Youxia Motors,https://www.crunchbase.com/organization/youxiamotors
Starling Bank,https://www.crunchbase.com/organization/starling-3
ECARX,https://www.crunchbase.com/organization/ecarx
Cars24,https://www.crunchbase.com/organization/cars24
Komodo Health,https://www.crunchbase.com/organization/komodo-health
Kurly,https://www.crunchbase.com/organization/market-kurly
Scopely,https://www.crunchbase.com/organization/scopely
Sila Nanotechnologies,https://www.crunchbase.com/organization/sila-nanotechnologies
Via,https://www.crunchbase.com/organization/via-transportation
BlockDaemon,https://www.crunchbase.com/organization/blockdaemon
Dadi Cinema,https://www.crunchbase.com/organization/dadi-cinema
Aiven,https://www.crunchbase.com/organization/aiven
ApplyBoard,https://www.crunchbase.com/organization/applyboard
Astera Labs,https://www.crunchbase.com/organization/astera-labs
Blockstream,https://www.crunchbase.com/organization/blockstream
Cedar,https://www.crunchbase.com/organization/cedar-0db2
Eikon Therapeutics,https://www.crunchbase.com/organization/eikon-therapeutics
Eruditus Executive Education,https://www.crunchbase.com/organization/eruditus-executive-education
Innovaccer,https://www.crunchbase.com/organization/innovaccer
Ironclad,https://www.crunchbase.com/organization/ironclad
Retool,https://www.crunchbase.com/organization/retool
Skims,https://www.crunchbase.com/organization/skims
Thumbtack,https://www.crunchbase.com/organization/thumbtack
Verkada,https://www.crunchbase.com/organization/verkada
PsiQuantum,https://www.crunchbase.com/organization/psiquantum
Gorillas,https://www.crunchbase.com/organization/gorillas
HighRadius,https://www.crunchbase.com/organization/highradius
Nuvemshop,https://www.crunchbase.com/organization/nuvemshop-tiendanube
Udaan,https://www.crunchbase.com/organization/udaan
ActiveCampaign,https://www.crunchbase.com/organization/activecampaign
Age of Learning,https://www.crunchbase.com/organization/age-of-learning
Amber Group,https://www.crunchbase.com/organization/amber-ai
Anchorage Digital,https://www.crunchbase.com/organization/anchorage
BGL Group,https://www.crunchbase.com/organization/bgl-group-peterborough-united-kingdom
BlockFi,https://www.crunchbase.com/organization/blockfi-inc
Calendly,https://www.crunchbase.com/organization/calendly
Carbon Health,https://www.crunchbase.com/organization/carbon-health
Circle,https://www.crunchbase.com/organization/circle-2
CMR Surgical,https://www.crunchbase.com/organization/cmr-surgical
Contentful,https://www.crunchbase.com/organization/contentful
Cross River Bank,https://www.crunchbase.com/organization/cross-river-bank
FlixMobility,https://www.crunchbase.com/organization/flixbus
Flutterwave,https://www.crunchbase.com/organization/flutterwave
Forter,https://www.crunchbase.com/organization/forter
Groww,https://www.crunchbase.com/organization/groww
Inxeption,https://www.crunchbase.com/organization/inxeption
KK Group,https://www.crunchbase.com/organization/kkguan
Lattice,https://www.crunchbase.com/organization/lattice-2
LaunchDarkly,https://www.crunchbase.com/organization/launchdarkly
Lucid Software,https://www.crunchbase.com/organization/lucidchart
Outschool,https://www.crunchbase.com/organization/outschool
Podium,https://www.crunchbase.com/organization/podium-2
Remote,https://www.crunchbase.com/organization/remote-d596
Seismic,https://www.crunchbase.com/organization/seismic-software
Sentry,https://www.crunchbase.com/organization/sentry
Sky Mavis,https://www.crunchbase.com/organization/sky-mavis
SouChe Holdings,https://www.crunchbase.com/organization/souche
TradingView,https://www.crunchbase.com/organization/tradingview
Traveloka,https://www.crunchbase.com/organization/traveloka
Wildlife Studios,https://www.crunchbase.com/organization/wildlife-studios
Yixia,https://www.crunchbase.com/organization/yixia-technology
Zuoyebang,https://www.crunchbase.com/organization/zuoyebang
Kraken,https://www.crunchbase.com/organization/kraken
OpenAI,https://www.crunchbase.com/organization/openai
Loft,https://www.crunchbase.com/organization/loft-br
Workrise,https://www.crunchbase.com/organization/rigup
Gokin Solar,https://www.crunchbase.com/organization/guangdong-gaojing-solar-energy-technology
Alan,https://www.crunchbase.com/organization/alan-3
BharatPe,https://www.crunchbase.com/organization/bharatpe
DriveWealth,https://www.crunchbase.com/organization/drivewealth
Motive,https://www.crunchbase.com/organization/Motive
Meicai,https://www.crunchbase.com/organization/meicai
Zipline,https://www.crunchbase.com/organization/zipline-international
Nutrabolt,https://www.crunchbase.com/organization/nutrabolt
Graphcore,https://www.crunchbase.com/organization/graphcore
Dream Games,https://www.crunchbase.com/organization/dream-games
Illumio,https://www.crunchbase.com/organization/illumio
MasterClass,https://www.crunchbase.com/organization/masterclass
Transmit Security,https://www.crunchbase.com/organization/transmit-security
Ethos,https://www.crunchbase.com/organization/ethos-life
Nextiva,https://www.crunchbase.com/organization/nextiva
o9 Solutions,https://www.crunchbase.com/organization/o9-solutions
Thought Machine,https://www.crunchbase.com/organization/thoughtmachine
Tradeshift,https://www.crunchbase.com/organization/tradeshift
Tridge,https://www.crunchbase.com/organization/tridge
Zetwerk,https://www.crunchbase.com/organization/zetwerk
BackBase,https://www.crunchbase.com/organization/backbase
Freenome,https://www.crunchbase.com/organization/freenome
JumpCloud,https://www.crunchbase.com/organization/jumpcloud
Project44,https://www.crunchbase.com/organization/project44
Sourcegraph,https://www.crunchbase.com/organization/sourcegraph
Axonius,https://www.crunchbase.com/organization/axonius
Clari,https://www.crunchbase.com/organization/clari
ManoMano,https://www.crunchbase.com/organization/manomano
Moglix,https://www.crunchbase.com/organization/moglix
Pendo,https://www.crunchbase.com/organization/pendo-io
Plume,https://www.crunchbase.com/organization/plume
Unico,https://www.crunchbase.com/organization/acesso-digital
Eat Just,https://www.crunchbase.com/organization/just-inc
Oura,https://www.crunchbase.com/organization/%C5%8Cura
A24 Films,https://www.crunchbase.com/organization/a24-1a26
Aura,https://www.crunchbase.com/organization/aura-company
BYTON,https://www.crunchbase.com/organization/byton
Cato Networks,https://www.crunchbase.com/organization/cato-networks
Coda Payments,https://www.crunchbase.com/organization/coda-payments
Cribl,https://www.crunchbase.com/organization/cribl
DriveNets,https://www.crunchbase.com/organization/drivenets
Fetch Rewards,https://www.crunchbase.com/organization/fetch-rewards
Games24x7,https://www.crunchbase.com/organization/play-games24x7-pvt-ltd
Immutable,https://www.crunchbase.com/organization/immutable-systems
Infra.Market,https://www.crunchbase.com/organization/infra-market
Jetti Resources,https://www.crunchbase.com/organization/jetti-resources
Side,https://www.crunchbase.com/organization/side-5e5b
SiFive,https://www.crunchbase.com/organization/sifive
Somatus,https://www.crunchbase.com/organization/somatus
Sysdig,https://www.crunchbase.com/organization/sysdig
Uniphore,https://www.crunchbase.com/organization/uniphore
Varo Bank,https://www.crunchbase.com/organization/varo-money
Vercel,https://www.crunchbase.com/organization/vercel
Vista Global,https://www.crunchbase.com/organization/vista-global
Hibob,https://www.crunchbase.com/organization/hibob
Mobile Premier League,https://www.crunchbase.com/organization/mobile-premier-league-mpl
Uala,https://www.crunchbase.com/organization/uala
Cybereason,https://www.crunchbase.com/organization/cybereason
Cgtz,https://www.crunchbase.com/organization/cgtz
EquipmentShare,https://www.crunchbase.com/organization/equipmentshare
Star Charge,https://www.crunchbase.com/organization/star-charge
ABL Space Systems,https://www.crunchbase.com/organization/abl-space-systems
Beta Technologies,https://www.crunchbase.com/organization/beta-technologies-1ecd
BitSight Technologies,https://www.crunchbase.com/organization/bitsight
Carbon,https://www.crunchbase.com/organization/carbon3d
Exabeam,https://www.crunchbase.com/organization/exabeam
HoneyBook,https://www.crunchbase.com/organization/honeybook
Paxos,https://www.crunchbase.com/organization/paxos
PolicyBazaar,https://www.crunchbase.com/organization/policybazaar
Rokt,https://www.crunchbase.com/organization/rokt
Trumid,https://www.crunchbase.com/organization/trumid
Jobandtalent,https://www.crunchbase.com/organization/jobandtalent
ManyPets,https://www.crunchbase.com/organization/manypets
WEMAKEPRICE,https://www.crunchbase.com/organization/wemakeprice
Biren Technology,https://www.crunchbase.com/organization/biren-technology
Voodoo,https://www.crunchbase.com/organization/voodoo-e334
Bowery Farming,https://www.crunchbase.com/organization/bowery-farming-inc
Greenlight,https://www.crunchbase.com/organization/greenlight-com
Shield AI,https://www.crunchbase.com/organization/shield-ai
Uptake,https://www.crunchbase.com/organization/uptake-3
MoMo,https://www.crunchbase.com/organization/momo-vn
Algolia,https://www.crunchbase.com/organization/algolia
Pattern,https://www.crunchbase.com/organization/pattern-9b1a
UpGrad,https://www.crunchbase.com/organization/upgrad
Zume,https://www.crunchbase.com/organization/zume-inc
Bitso,https://www.crunchbase.com/organization/bitso
BloomReach,https://www.crunchbase.com/organization/bloomreach
Current,https://www.crunchbase.com/organization/current-6
Dialpad,https://www.crunchbase.com/organization/dialpad
G7 Networks,https://www.crunchbase.com/organization/g7-logistics-networks
Gympass,https://www.crunchbase.com/organization/gympass
Motif FoodWorks,https://www.crunchbase.com/organization/motif-ingredients
MUSINSA,https://www.crunchbase.com/organization/musinsa
Newfront Insurance,https://www.crunchbase.com/organization/abe-4
NuCom Group,https://www.crunchbase.com/organization/nucom-group
Accelerant,https://www.crunchbase.com/organization/accelerant-3396
Huaqin Telecom Technology,https://www.crunchbase.com/organization/huaqin-communication-technology
Hesai Tech,https://www.crunchbase.com/organization/hesai
Addepar,https://www.crunchbase.com/organization/addepar
Qualia,https://www.crunchbase.com/organization/qualia-labs-inc
YITU Technology,https://www.crunchbase.com/organization/yitu-technology
CloudWalk,https://www.crunchbase.com/organization/cloudwalk
CoinDCX,https://www.crunchbase.com/organization/coindcx
Aledade,https://www.crunchbase.com/organization/aledade
Eightfold.ai,https://www.crunchbase.com/organization/eightfold
FirstCry,https://www.crunchbase.com/organization/firstcry-com
Forto,https://www.crunchbase.com/organization/forto
GoCardless,https://www.crunchbase.com/organization/gocardless
Jeeves,https://www.crunchbase.com/organization/jeeves-f2f5
Medable,https://www.crunchbase.com/organization/medable-inc
Moveworks,https://www.crunchbase.com/organization/moveworks
PayFit,https://www.crunchbase.com/organization/payfit
ReCharge,https://www.crunchbase.com/organization/recharge-payments
Urban Company,https://www.crunchbase.com/organization/urbanclap
21.co,https://www.crunchbase.com/organization/21-co-9bd2
4Paradigm,https://www.crunchbase.com/organization/4paradigm
Advance Intelligence Group,https://www.crunchbase.com/organization/advance-intelligence-group
Akulaku,https://www.crunchbase.com/organization/akulaku-inc
Apeel Sciences,https://www.crunchbase.com/organization/apeel-sciences
AppsFlyer,https://www.crunchbase.com/organization/appsflyer
Avant,https://www.crunchbase.com/organization/avant-credit
Aviatrix,https://www.crunchbase.com/organization/aviatrix
Babel Finance,https://www.crunchbase.com/organization/babel-finance
Beisen,https://www.crunchbase.com/organization/beisen
BeZero,https://www.crunchbase.com/organization/bezero-carbon
BlaBlaCar,https://www.crunchbase.com/organization/blablacar
Black Sesame Technologies,https://www.crunchbase.com/organization/black-sesame-intelligent-technology/org_similarity_overview
Bunq,https://www.crunchbase.com/organization/bunq
Calm,https://www.crunchbase.com/organization/calm-com
CertiK,https://www.crunchbase.com/organization/certik
Chipper Cash,https://www.crunchbase.com/organization/chipper-cash
Clearco,https://www.crunchbase.com/organization/clearbanc
ClickHouse,https://www.crunchbase.com/organization/clickhouse
Clip,https://www.crunchbase.com/organization/payclip
Cloudinary,https://www.crunchbase.com/organization/cloudinary
Devo Technology,https://www.crunchbase.com/organization/logtrust-s-l
Divvy Homes,https://www.crunchbase.com/organization/divvy-homes
Drata,https://www.crunchbase.com/organization/drata
Dremio,https://www.crunchbase.com/organization/dremio-corporation
Druva,https://www.crunchbase.com/organization/druva-software
Earnix,https://www.crunchbase.com/organization/earnix
Everlaw,https://www.crunchbase.com/organization/everlaw
Exotec,https://www.crunchbase.com/organization/exotec
Formlabs,https://www.crunchbase.com/organization/formlabs
Geek+,https://www.crunchbase.com/organization/geek
GO1,https://www.crunchbase.com/organization/go1
GrubMarket,https://www.crunchbase.com/organization/grubmarket-inc
Guoquan Shihui,https://www.crunchbase.com/organization/guoquan-shihui
Hive,https://www.crunchbase.com/organization/hive-dc0c
Hugging Face,https://www.crunchbase.com/organization/hugging-face
HuiMin,https://www.crunchbase.com/organization/huimin
ISN,https://www.crunchbase.com/organization/isn-software-corporation
Iterable,https://www.crunchbase.com/organization/iterable
Kajabi,https://www.crunchbase.com/organization/kajabi
Kaseya,https://www.crunchbase.com/organization/kaseya
Keep,https://www.crunchbase.com/organization/keep-3
KRY,https://www.crunchbase.com/organization/kry
Kujiale,https://www.crunchbase.com/organization/kujiale
Loggi,https://www.crunchbase.com/organization/loggi
LTK,https://www.crunchbase.com/organization/rewardstyle
Lunar,https://www.crunchbase.com/organization/lunar-bank
Mafengwo,https://www.crunchbase.com/organization/mafengwo
Magic Leap,https://www.crunchbase.com/organization/magic-leap
Misfits Market,https://www.crunchbase.com/organization/misfits-market
Modern Treasury,https://www.crunchbase.com/organization/modern-treasury
MURAL,https://www.crunchbase.com/organization/mural-ly
Mynt,https://www.crunchbase.com/organization/mynt
Mysten Labs,https://www.crunchbase.com/organization/mysten-labs
Neo4j,https://www.crunchbase.com/organization/neo-technology
Netlify,https://www.crunchbase.com/organization/netlify
OCSiAl,https://www.crunchbase.com/organization/ocsial
Opay,https://www.crunchbase.com/organization/opay-operapay
Pipe,https://www.crunchbase.com/organization/pipe
Preferred Networks,https://www.crunchbase.com/organization/preferred-networks
Quora,https://www.crunchbase.com/organization/quora
Redis Labs,https://www.crunchbase.com/organization/redis
Rimac Automobili,https://www.crunchbase.com/organization/rimac-automobili
ROX Motor,https://www.crunchbase.com/organization/rox-motor
Salsify,https://www.crunchbase.com/organization/salsify
SmartNews,https://www.crunchbase.com/organization/smartnews-inc
Solugen,https://www.crunchbase.com/organization/solugen
Spring Health,https://www.crunchbase.com/organization/spring-care
SWORD Health,https://www.crunchbase.com/organization/sword-health
Tier,https://www.crunchbase.com/organization/tier-mobility
Trax,https://www.crunchbase.com/organization/traxretail
Trendy Group International,https://www.crunchbase.com/organization/trendy-international-group
Tubatu.com,https://www.crunchbase.com/organization/to8to
Unqork,https://www.crunchbase.com/organization/unqork
VerbIT,https://www.crunchbase.com/organization/verbit-ai
Virta Health,https://www.crunchbase.com/organization/virta
Xinchao Media,https://www.crunchbase.com/organization/xinchao-media
Xingyun Group,https://www.crunchbase.com/organization/xingyun-group
XtalPi,https://www.crunchbase.com/organization/xtalpi
Zilch,https://www.crunchbase.com/organization/zilch-technology-limited
Ankorstore,https://www.crunchbase.com/organization/ankorstore
Fenbi Education,https://www.crunchbase.com/organization/fenbi-wang
Roofstock,https://www.crunchbase.com/organization/roofstock
thatgamecompany,https://www.crunchbase.com/organization/thatgamecompany
ZigBang,https://www.crunchbase.com/organization/zig-bang
Acorns,https://www.crunchbase.com/organization/acorns-grow
CoinSwitch Kuber,https://www.crunchbase.com/organization/coinswitch
ConcertAI,https://www.crunchbase.com/organization/concertai
eDaili,https://www.crunchbase.com/organization/ebroker
InVision,https://www.crunchbase.com/organization/invisionapp
Material Bank,https://www.crunchbase.com/organization/material-bank
MX Technologies,https://www.crunchbase.com/organization/moneydesktop
Volocopter,https://www.crunchbase.com/organization/volocopter
CFGI,https://www.crunchbase.com/organization/cfgi
ENOVATE,https://www.crunchbase.com/organization/enovate
MEGAZONE,https://www.crunchbase.com/organization/megazone-cloud
Diamond Foundry,https://www.crunchbase.com/organization/diamond-foundry
FullStory,https://www.crunchbase.com/organization/fullstory
Lightricks,https://www.crunchbase.com/organization/lightricks
Opentrons,https://www.crunchbase.com/organization/opentrons
Orca Security,https://www.crunchbase.com/organization/orca-security
Slice,https://www.crunchbase.com/organization/slice
ZocDoc,https://www.crunchbase.com/organization/zocdoc
Cambrian BioPharma,https://www.crunchbase.com/organization/cambrian-biopharma
AIWAYS,https://www.crunchbase.com/organization/aiways
Crusoe,https://www.crunchbase.com/organization/crusoe-energy-systems
Spinny,https://www.crunchbase.com/organization/spinny
Trulioo,https://www.crunchbase.com/organization/trulioo
Apus Group,https://www.crunchbase.com/organization/apus
Forte Labs,https://www.crunchbase.com/organization/forte-e22c
Productboard,https://www.crunchbase.com/organization/productboard
Alation,https://www.crunchbase.com/organization/alation
AlphaSense,https://www.crunchbase.com/organization/alphasense
Carsome,https://www.crunchbase.com/organization/carsome
CircleCI,https://www.crunchbase.com/organization/circle-ci
DealShare,https://www.crunchbase.com/organization/dealshare
DispatchHealth,https://www.crunchbase.com/organization/dispatchhealth
Dragos,https://www.crunchbase.com/organization/dragos
Front,https://www.crunchbase.com/organization/front-app
Gousto,https://www.crunchbase.com/organization/gousto
H2O.ai,https://www.crunchbase.com/organization/h2o-2
Harry's,https://www.crunchbase.com/organization/harrys
HomeLight,https://www.crunchbase.com/organization/homelight
Multiverse,https://www.crunchbase.com/organization/whitehat
PAX,https://www.crunchbase.com/organization/pax-labs
Pax8,https://www.crunchbase.com/organization/pax8
Redesign Health,https://www.crunchbase.com/organization/redesign-health
Reltio,https://www.crunchbase.com/organization/reltio
Spotter,https://www.crunchbase.com/organization/spotter-0c62
Vestiaire Collective,https://www.crunchbase.com/organization/vestiairedecopines
Wave,https://www.crunchbase.com/organization/thewave
ZenBusiness,https://www.crunchbase.com/organization/zenbusiness
Tessera Therapeutics,https://www.crunchbase.com/organization/tessera-therapeutics
FinAccel,https://www.crunchbase.com/organization/finaccel
Uniswap,https://www.crunchbase.com/organization/uniswap-labs
Glossier,https://www.crunchbase.com/organization/glossier
Incredible Health,https://www.crunchbase.com/organization/incredible-health
Optimism,https://www.crunchbase.com/organization/optimism
solarisBank,https://www.crunchbase.com/organization/solarisbank-ag
Jusfoun Big Data,https://www.crunchbase.com/organization/jusfoun-big-data
Transcarent,https://www.crunchbase.com/organization/transcarent
Zhubajie,https://www.crunchbase.com/organization/zhubajie-com
Afiniti,https://www.crunchbase.com/organization/afiniti
ASAPP,https://www.crunchbase.com/organization/asapp
Cao Cao Mobility,https://www.crunchbase.com/organization/caocao-mobility
Capitolis,https://www.crunchbase.com/organization/capitolis
Clio,https://www.crunchbase.com/organization/clio
Cresta,https://www.crunchbase.com/organization/cresta
DataStax,https://www.crunchbase.com/organization/datastax
ezCater,https://www.crunchbase.com/organization/ezcater
Infinidat,https://www.crunchbase.com/organization/infinidat
Magic Eden,https://www.crunchbase.com/organization/magic-eden
Mercury,https://www.crunchbase.com/organization/mercury-technologies
Monte Carlo,https://www.crunchbase.com/organization/monte-carlo-3232
Nord Security,https://www.crunchbase.com/organization/nord-security
Pave,https://www.crunchbase.com/organization/pave
SafetyCulture,https://www.crunchbase.com/organization/safetyculture
SmartHR,https://www.crunchbase.com/organization/smarthr-inc
Tonal,https://www.crunchbase.com/organization/tonal
Truepill,https://www.crunchbase.com/organization/truepill
Unite Us,https://www.crunchbase.com/organization/unite-us
Vanta,https://www.crunchbase.com/organization/vanta
Wayflyer,https://www.crunchbase.com/organization/wayflyer
Promasidor Holdings,https://www.crunchbase.com/organization/promasidor
GalaxySpace,https://www.crunchbase.com/organization/galaxy-space
Fresh Life Style Supply Chain Management,https://www.crunchbase.com/organization/xianshenghuo
ICON 3D,https://www.crunchbase.com/organization/icon3d
Alloy,https://www.crunchbase.com/organization/alloy-2
Baiwang,https://www.crunchbase.com/organization/baiwang-cloud
Iluvatar CoreX,https://www.crunchbase.com/organization/iluvatar-corex
Kitopi,https://www.crunchbase.com/organization/kitopi
Wenheyou,https://www.crunchbase.com/organization/wenheyou
Loom,https://www.crunchbase.com/organization/loom
Carzone,https://www.crunchbase.com/organization/carzone-2
Ximalaya FM,https://www.crunchbase.com/organization/ximalaya
1047 Games,https://www.crunchbase.com/organization/1047-games
5ire,https://www.crunchbase.com/organization/5ire
Airbyte,https://www.crunchbase.com/organization/airbyte-b3bb
Andela,https://www.crunchbase.com/organization/andela
Ascend Money,https://www.crunchbase.com/organization/ascend-money
Athelas,https://www.crunchbase.com/organization/athelas
Bilt Rewards,https://www.crunchbase.com/organization/bilt-technologies
Boba,https://www.crunchbase.com/organization/boba-network
bolttech,https://www.crunchbase.com/organization/bolttech
Built,https://www.crunchbase.com/organization/built-technologies-inc
Cambridge Mobile Telematics,https://www.crunchbase.com/organization/cambridge-mobile-telematics
candy.com,https://www.crunchbase.com/organization/candy-digital-d2d1
Changingedu,https://www.crunchbase.com/organization/changingedu
Cognite,https://www.crunchbase.com/organization/cognite
CoinList,https://www.crunchbase.com/organization/coinlist
Collective Health,https://www.crunchbase.com/organization/collectivehealth
Culture Amp,https://www.crunchbase.com/organization/cultureamp
CureFit,https://www.crunchbase.com/organization/curefit
Dock,https://www.crunchbase.com/organization/conductor-4
DT Dream,https://www.crunchbase.com/organization/dt-dream
ElasticRun,https://www.crunchbase.com/organization/elasticrun
Fabric,https://www.crunchbase.com/organization/fabric-3ad9
First Mode,https://www.crunchbase.com/organization/first-mode
Gett,https://www.crunchbase.com/organization/get-taxi
ID.me,https://www.crunchbase.com/organization/id-me
Il Makiage,https://www.crunchbase.com/organization/il-makiage
impact.com,https://www.crunchbase.com/organization/impact-martech
Inari,https://www.crunchbase.com/organization/inari-8d6b
Jasper,https://www.crunchbase.com/organization/jasper-da51
JOLLY Information Technology,https://www.crunchbase.com/organization/jolly-it
K Health,https://www.crunchbase.com/organization/kang-health
Kushki,https://www.crunchbase.com/organization/kushki
Ledger,https://www.crunchbase.com/organization/ledger-2
Lusha,https://www.crunchbase.com/organization/lusha
Mashgin,https://www.crunchbase.com/organization/mashgin
Matillion,https://www.crunchbase.com/organization/matillion
Mofang Living,https://www.crunchbase.com/organization/mofang-gongyu
MOLOCO,https://www.crunchbase.com/organization/moloco
Mu Sigma,https://www.crunchbase.com/organization/mu-sigma
Next Silicon,https://www.crunchbase.com/organization/next-silicon
NotCo,https://www.crunchbase.com/organization/the-not-company
Olist,https://www.crunchbase.com/organization/olist
OpenWeb,https://www.crunchbase.com/organization/spotim
Orna Therapeutics,https://www.crunchbase.com/organization/orna-therapeutics
Pacaso,https://www.crunchbase.com/organization/pacaso
Paradox,https://www.crunchbase.com/organization/paradox-olivia
Persona,https://www.crunchbase.com/organization/persona-188f
Prometheus,https://www.crunchbase.com/organization/prometheus-2373
SmartRecruiters,https://www.crunchbase.com/organization/smartrecruiters
Snapdocs,https://www.crunchbase.com/organization/snapdocs
Spendesk,https://www.crunchbase.com/organization/spendesk
StoreDot,https://www.crunchbase.com/organization/storedot
Strava,https://www.crunchbase.com/organization/strava
TaxBit,https://www.crunchbase.com/organization/taxbit
Temporal,https://www.crunchbase.com/organization/temporal-technologies
TuJia,https://www.crunchbase.com/organization/tujia
Uplight,https://www.crunchbase.com/organization/uplight
Upside,https://www.crunchbase.com/organization/upside-2
Veho,https://www.crunchbase.com/organization/veho-technologies
Veriff,https://www.crunchbase.com/organization/veriff
XiaoZhu,https://www.crunchbase.com/organization/xiaozhu-com
Yijiupi,https://www.crunchbase.com/organization/yijiupi-com
YunQuNa,https://www.crunchbase.com/organization/yunquna
Zenoti,https://www.crunchbase.com/organization/zenoti
Zeta,https://www.crunchbase.com/organization/zeta
Yipin Shengxian,https://www.crunchbase.com/organization/yipin-fresh
Arcadia,https://www.crunchbase.com/organization/arcadia-power-2
Bordrin Motors,https://www.crunchbase.com/organization/bordrin-motors
VTS,https://www.crunchbase.com/organization/vts
Shukun Technology,https://www.crunchbase.com/organization/shukun-technology
Aleo,https://www.crunchbase.com/organization/aleo-673f
Coocaa,https://www.crunchbase.com/organization/coocaa
Gymshark,https://www.crunchbase.com/organization/gymshark
Juma Peisong,https://www.crunchbase.com/organization/juma-peisong
M1,https://www.crunchbase.com/organization/m1-finance
Ouyeel,https://www.crunchbase.com/organization/ouyeel
Einride,https://www.crunchbase.com/organization/einride
Justworks,https://www.crunchbase.com/organization/justworks
Valgen Medtech,https://www.crunchbase.com/organization/valgen-medtech
SonderMind,https://www.crunchbase.com/organization/sondermind
Amagi,https://www.crunchbase.com/organization/amagi-media-labs
Astranis Space Technologies,https://www.crunchbase.com/organization/astranis/org_similarity_overview
Away,https://www.crunchbase.com/organization/away-2
boAT,https://www.crunchbase.com/organization/boat
Bucketplace,https://www.crunchbase.com/organization/bucketplace-2da2
Cabify,https://www.crunchbase.com/organization/cabify
Clarify Health,https://www.crunchbase.com/organization/clarify-health-solutions
Coda,https://www.crunchbase.com/organization/coda-add7
Degreed,https://www.crunchbase.com/organization/degreed
Deliverect,https://www.crunchbase.com/organization/deliverect
Envoy,https://www.crunchbase.com/organization/envoy
Epidemic Sound,https://www.crunchbase.com/organization/epidemic-sound
Figment,https://www.crunchbase.com/organization/figment-networks
Firebolt,https://www.crunchbase.com/organization/firebolt-analytics
GupShup,https://www.crunchbase.com/organization/gupshup-technology-india-pvt-ltd
Hive Box,https://www.crunchbase.com/organization/hive-box
Kong,https://www.crunchbase.com/organization/konghq
Koudai,https://www.crunchbase.com/organization/koudai
Nimble Rx,https://www.crunchbase.com/organization/nimble-pharmacy
OneCard,https://www.crunchbase.com/organization/onecard-3056
Paddle,https://www.crunchbase.com/organization/paddle
Panther Labs,https://www.crunchbase.com/organization/panther-labs
Papa,https://www.crunchbase.com/organization/papa-technologies-llc
Phenom People,https://www.crunchbase.com/organization/phenom-people
Pristyn Care,https://www.crunchbase.com/organization/pristyn-care
Rad Power Bikes,https://www.crunchbase.com/organization/rad-power-bikes
Rebel Foods,https://www.crunchbase.com/organization/faaso-s
Salt Security,https://www.crunchbase.com/organization/saltsecurity
Scalable Capital,https://www.crunchbase.com/organization/scalable-capital
SparkCognition,https://www.crunchbase.com/organization/sparkcognition
Stash,https://www.crunchbase.com/organization/stash-5
Symphony,https://www.crunchbase.com/organization/symphony-3
Tripledot,https://www.crunchbase.com/organization/tripledot-studios
VideoAmp,https://www.crunchbase.com/organization/videoamp
Yidian Zixun,https://www.crunchbase.com/organization/yidian-zixun
Yotpo,https://www.crunchbase.com/organization/yotpo
Neon,https://www.crunchbase.com/organization/neondatabase
Veepee,https://www.crunchbase.com/organization/vente-privee-com
Extend,https://www.crunchbase.com/organization/extend
Generate Biomedicines,https://www.crunchbase.com/organization/generate-biomedicines
Movable Ink,https://www.crunchbase.com/organization/movableink
DeepBlue Technology,https://www.crunchbase.com/organization/deepblue-technology
Epirus,https://www.crunchbase.com/organization/epirus
Klook,https://www.crunchbase.com/organization/klook
Yaoshibang,https://www.crunchbase.com/organization/yaoshibang
Jaguar Microsystems,https://www.crunchbase.com/organization/jaguar-microsystems
Signifyd,https://www.crunchbase.com/organization/signifyd
Motorway,https://www.crunchbase.com/organization/motorway
RIDI,https://www.crunchbase.com/organization/ridi
Athletic Greens,https://www.crunchbase.com/organization/athletic-greens
Flipboard,https://www.crunchbase.com/organization/flipboard
GPclub,https://www.crunchbase.com/organization/gp-club
Tongdun Technology,https://www.crunchbase.com/organization/tongdun-technology
Alzheon,https://www.crunchbase.com/organization/alzheon
Unisound,https://www.crunchbase.com/organization/unisound-beijing
Betterment,https://www.crunchbase.com/organization/betterment
Biofourmis,https://www.crunchbase.com/organization/biofourmis-pte-ltd
Cava Group,https://www.crunchbase.com/organization/cava-grill
Clipboard Health,https://www.crunchbase.com/organization/clipboard-health
CoinTracker,https://www.crunchbase.com/organization/cointracker
DistroKid,https://www.crunchbase.com/organization/distrokid
Domestika,https://www.crunchbase.com/organization/domestika
Equashield,https://www.crunchbase.com/organization/equashield-medical
Everly Health,https://www.crunchbase.com/organization/everly-health
Flock Freight,https://www.crunchbase.com/organization/flock-freight
HeartFlow,https://www.crunchbase.com/organization/heartflow
InSightec,https://www.crunchbase.com/organization/insightec
Island,https://www.crunchbase.com/organization/zero-abstraction
iTrustCapital,https://www.crunchbase.com/organization/itrustcapital-inc
Konfio,https://www.crunchbase.com/organization/konfio
LinkTree,https://www.crunchbase.com/organization/linktree
Loadsmart,https://www.crunchbase.com/organization/loadsmart
Lukka,https://www.crunchbase.com/organization/libra
Manner,https://www.crunchbase.com/organization/manner-737c
MasterControl,https://www.crunchbase.com/organization/master-control-inc
Optibus,https://www.crunchbase.com/organization/optibus
Shiprocket,https://www.crunchbase.com/organization/shiprocket
STORD,https://www.crunchbase.com/organization/stord
TalkingData,https://www.crunchbase.com/organization/talking-data
The Brandtech Group,https://www.crunchbase.com/organization/you-mr-jones
TravelPerk,https://www.crunchbase.com/organization/travelperk
TUNGEE,https://www.crunchbase.com/organization/tungee
Yubi,https://www.crunchbase.com/organization/credavenue
YugaByte,https://www.crunchbase.com/organization/yugabyte
Huisuanzhang,https://www.crunchbase.com/organization/huisuanzhang
Intercom,https://www.crunchbase.com/organization/intercom
OVO Energy,https://www.crunchbase.com/organization/ovo-energy-2/company_financials
WTOIP,https://www.crunchbase.com/organization/wtoip
Greater Bay Technology,https://www.crunchbase.com/organization/greater-bay-area-investments-group/technology
JMGO,https://www.crunchbase.com/organization/jmgo
airSlate,https://www.crunchbase.com/organization/airslate
BigID,https://www.crunchbase.com/organization/bigid
CaptivateIQ,https://www.crunchbase.com/organization/captivateiq
ClassDojo,https://www.crunchbase.com/organization/classdojo
Flipdish,https://www.crunchbase.com/organization/flipdish
Honor Technology,https://www.crunchbase.com/organization/honor-2
Incode Technologies,https://www.crunchbase.com/organization/incode-technologies
Kuaikan Manhua,https://www.crunchbase.com/organization/kuaikan-manhua
Marshmallow,https://www.crunchbase.com/organization/marshmallow
Mythical Games,https://www.crunchbase.com/organization/mythical-games
Route,https://www.crunchbase.com/organization/route-b905
Tackle.io,https://www.crunchbase.com/organization/tackle-io
Talos,https://www.crunchbase.com/organization/talos-trading
BrewDog,https://www.crunchbase.com/organization/brewdog
Enflame,https://www.crunchbase.com/organization/suiyuan-technology
SeatGeek,https://www.crunchbase.com/organization/seatgeek
Shulan Health,https://www.crunchbase.com/organization/shulan-health
EQRx,https://www.crunchbase.com/organization/eqrx
inDriver,https://www.crunchbase.com/organization/indriver
Nexii,https://www.crunchbase.com/organization/nexii
Insider,https://www.crunchbase.com/organization/useinsider
Kallyope,https://www.crunchbase.com/organization/kallyope
Spiber,https://www.crunchbase.com/organization/spiber
Ada Support,https://www.crunchbase.com/organization/ada-support
AgentSync,https://www.crunchbase.com/organization/agentsync
Aibee,https://www.crunchbase.com/organization/alibee
BigPanda,https://www.crunchbase.com/organization/bigpanda
CarDekho,https://www.crunchbase.com/organization/cardekho
Choco,https://www.crunchbase.com/organization/choco
Copado,https://www.crunchbase.com/organization/copado
DailyPay,https://www.crunchbase.com/organization/dailypay-inc
Fair,https://www.crunchbase.com/organization/fair
FloQast,https://www.crunchbase.com/organization/floqast
Gem,https://www.crunchbase.com/organization/gem-software
Jokr,https://www.crunchbase.com/organization/jokr
LivSpace,https://www.crunchbase.com/organization/livspace
Merama,https://www.crunchbase.com/organization/merama
MindTickle,https://www.crunchbase.com/organization/mindtickle
MyGlamm,https://www.crunchbase.com/organization/myglamm
Nova Labs,https://www.crunchbase.com/organization/nova-labs
Offchain Labs,https://www.crunchbase.com/organization/offchain-labs
Phantom,https://www.crunchbase.com/organization/phantom-3171
Pilot.com,https://www.crunchbase.com/organization/pilot-a94a
Pipa Coding,https://www.crunchbase.com/organization/pipacode
Prime Medicine,https://www.crunchbase.com/organization/prime-medicine
Public,https://www.crunchbase.com/organization/publicdotcom
Qumulo,https://www.crunchbase.com/organization/qumulo
Rohlik Group,https://www.crunchbase.com/organization/rohlik
SeekOut,https://www.crunchbase.com/organization/seekout
SmartMore,https://www.crunchbase.com/organization/smartmore-technology
Spectrum Medical,https://www.crunchbase.com/organization/spectrum-medical
stori,https://www.crunchbase.com/organization/powerup-technology
Swiftly,https://www.crunchbase.com/organization/swiftlyinc
Tealium,https://www.crunchbase.com/organization/tealium
Unit,https://www.crunchbase.com/organization/unit
Vectra Networks,https://www.crunchbase.com/organization/vectra-networks
Viz.ai,https://www.crunchbase.com/organization/viz
Workhuman,https://www.crunchbase.com/organization/globoforce
Xpressbees,https://www.crunchbase.com/organization/xpressbees
Yiguo,https://www.crunchbase.com/organization/shanghai-yiguo-electron-business
Zip,https://www.crunchbase.com/organization/zip-f492
L&P Cosmetic,https://www.crunchbase.com/organization/l-international
Mininglamp Technology,https://www.crunchbase.com/organization/mininglamp
Luoji Siwei,https://www.crunchbase.com/organization/luoji-siwei
IRL,https://www.crunchbase.com/organization/irl-app
Modern Health,https://www.crunchbase.com/organization/modern-health
Yimidida,https://www.crunchbase.com/organization/yimidida
SOURCE Global,https://www.crunchbase.com/organization/source-3902
Tuhu,https://www.crunchbase.com/organization/tuhu
Younited,https://www.crunchbase.com/organization/younited-group
CloudBees,https://www.crunchbase.com/organization/cloudbees
Elemy,https://www.crunchbase.com/organization/florida-elemy
Guideline,https://www.crunchbase.com/organization/guideline-technologies-inc
Happy Money,https://www.crunchbase.com/organization/happymoney
LifeMiles,https://www.crunchbase.com/organization/lifemiles
Rebellion Defense,https://www.crunchbase.com/organization/rebellion-defense
Venafi,https://www.crunchbase.com/organization/venafi
DANA,https://www.crunchbase.com/organization/dana-wallet-indonesia
At-Bay,https://www.crunchbase.com/organization/at-bay
TELD,https://www.crunchbase.com/organization/teld-new-energy
Visby Medical,https://www.crunchbase.com/organization/clickdiagnostics
Acko General Insurance,https://www.crunchbase.com/organization/acko-general-insurance
apna,https://www.crunchbase.com/organization/apna
AppDirect,https://www.crunchbase.com/organization/appdirect
Beyond Identity,https://www.crunchbase.com/organization/beyond-identity
CAIS,https://www.crunchbase.com/organization/cais
Caribou,https://www.crunchbase.com/organization/motorefi
Carousell,https://www.crunchbase.com/organization/carousell
Chief,https://www.crunchbase.com/organization/chief-6603
Daily Harvest,https://www.crunchbase.com/organization/daily-harvest
Enpal,https://www.crunchbase.com/organization/enpal
eSentire,https://www.crunchbase.com/organization/esentire
Firefly Aerospace,https://www.crunchbase.com/organization/firefly-aerospace
Fundbox,https://www.crunchbase.com/organization/fundbox
G2,https://www.crunchbase.com/organization/g2-crowd
Gaussian Robotics,https://www.crunchbase.com/organization/gaussian-robot
GetYourGuide,https://www.crunchbase.com/organization/getyourguide
GlobalBees,https://www.crunchbase.com/organization/globalbees
Imply Data,https://www.crunchbase.com/organization/imply-data
IntelyCare,https://www.crunchbase.com/organization/intelycare
Invoca,https://www.crunchbase.com/organization/invoca
Ivalua,https://www.crunchbase.com/organization/ivalua
Juanpi,https://www.crunchbase.com/organization/juanpi-com
Karat,https://www.crunchbase.com/organization/karat
LEAD School,https://www.crunchbase.com/organization/lead-school
Material Security,https://www.crunchbase.com/organization/material-security
Nexthink,https://www.crunchbase.com/organization/nexthink
Nowports,https://www.crunchbase.com/organization/nowports
OVH,https://www.crunchbase.com/organization/ovh-com
People.ai,https://www.crunchbase.com/organization/people-ai
Pharmapacks,https://www.crunchbase.com/organization/pharmapacks-llc
PhysicsWallah,https://www.crunchbase.com/organization/physics-wallah
Purplle,https://www.crunchbase.com/organization/purplle
Qingting FM,https://www.crunchbase.com/organization/qingting-fm
Recover,https://www.crunchbase.com/organization/recover
Rightway,https://www.crunchbase.com/organization/rightway-healthcare
Sennder,https://www.crunchbase.com/organization/sennder
Sisense,https://www.crunchbase.com/organization/sisense
Staffbase,https://www.crunchbase.com/organization/staffbase
Sunbit,https://www.crunchbase.com/organization/sunbit
TangoMe,https://www.crunchbase.com/organization/tango-2
Teleport,https://www.crunchbase.com/organization/gravitational
The Bank of London,https://www.crunchbase.com/organization/the-bank-of-london
Turing,https://www.crunchbase.com/organization/turing
Wasabi,https://www.crunchbase.com/organization/wasabi-technologies-inc
Zego,https://www.crunchbase.com/organization/zegocover
56PINGTAI,https://www.crunchbase.com/organization/56pingtai-net
Nxin,https://www.crunchbase.com/organization/nxin-com
UISEE Technology,https://www.crunchbase.com/organization/uisee
Cirkul,https://www.crunchbase.com/organization/cirkul
Mamaearth,https://www.crunchbase.com/organization/mamaearth
Radius Payment Solutions,https://www.crunchbase.com/organization/radius-payment-solutions
Rivigo,https://www.crunchbase.com/organization/rivigo-2
MobileCoin,https://www.crunchbase.com/organization/mobilecoin
0x,https://www.crunchbase.com/organization/0x-project
Density,https://www.crunchbase.com/organization/density
Instabase,https://www.crunchbase.com/organization/instabase
Jiuxian,https://www.crunchbase.com/organization/jiuxian
Matrixport,https://www.crunchbase.com/organization/matrixport
Mixpanel,https://www.crunchbase.com/organization/mixpanel
Sendbird,https://www.crunchbase.com/organization/sendbird
Aprogen,https://www.crunchbase.com/organization/aprogen
OrCam Technologies,https://www.crunchbase.com/organization/orcam-technologies
Ample,https://www.crunchbase.com/organization/ample-6b70
BlackBuck,https://www.crunchbase.com/organization/zinka-logistics
Leap Motor,https://www.crunchbase.com/organization/leapmotor
Wheel,https://www.crunchbase.com/organization/enzyme-health
1KMXC,https://www.crunchbase.com/organization/1kmxc
58 Daojia,https://www.crunchbase.com/organization/58daojia
Agile Robots,https://www.crunchbase.com/organization/agile-robots
Aircall,https://www.crunchbase.com/organization/aircall
Ajaib,https://www.crunchbase.com/organization/ajaib
Alto Pharmacy,https://www.crunchbase.com/organization/scriptdash
Amount,https://www.crunchbase.com/organization/amount-com
Amperity,https://www.crunchbase.com/organization/amperity
Anyscale,https://www.crunchbase.com/organization/anyscale
Aptos,https://www.crunchbase.com/organization/aptos-96b4
Aqua Security,https://www.crunchbase.com/organization/aquasecurity
Assembly,https://www.crunchbase.com/organization/assembly-b39c
Assent,https://www.crunchbase.com/organization/assent-compliance
Augury,https://www.crunchbase.com/organization/augury-systems
Augustinus Bader,https://www.crunchbase.com/organization/augustinus-bader-e047
Axelar,https://www.crunchbase.com/organization/axelar-a039
Axiom Space,https://www.crunchbase.com/organization/axiom-space
Axtria,https://www.crunchbase.com/organization/axtria
Banma Network Technologies,https://www.crunchbase.com/organization/banma-network-technologies
Beamery,https://www.crunchbase.com/organization/beamery
BeiBei,https://www.crunchbase.com/organization/beibei
Berlin Brands Group,https://www.crunchbase.com/organization/berlin-brands-group
Betterfly,https://www.crunchbase.com/organization/go-betterfly
BitFury,https://www.crunchbase.com/organization/bitfury
Bluecore,https://www.crunchbase.com/organization/triggermail
BlueVoyant,https://www.crunchbase.com/organization/blueteamglobal
Boom Supersonic,https://www.crunchbase.com/organization/boom-technology
BostonGene,https://www.crunchbase.com/organization/bostongene
Bringg,https://www.crunchbase.com/organization/bringg
C2FO,https://www.crunchbase.com/organization/c2fo
Cadence,https://www.crunchbase.com/organization/cadence-solutions
Cameo,https://www.crunchbase.com/organization/cameo-3
Capsule,https://www.crunchbase.com/organization/capsule-3
CareBridge,https://www.crunchbase.com/organization/carebridge
CargoX,https://www.crunchbase.com/organization/cargox-com-br
Carro,https://www.crunchbase.com/organization/carro
Carson Group,https://www.crunchbase.com/organization/carson-groupp
Celestia,https://www.crunchbase.com/organization/lazyledger
Cell C,https://www.crunchbase.com/organization/cell-c
CHEQ,https://www.crunchbase.com/organization/cheq
China Cloud,https://www.crunchbase.com/organization/cloud-china-data
Chronosphere,https://www.crunchbase.com/organization/chronosphere
Cider,https://www.crunchbase.com/organization/cider-b40f
Clara,https://www.crunchbase.com/organization/clara-fintech
Claroty,https://www.crunchbase.com/organization/claroty
Clearcover,https://www.crunchbase.com/organization/clearcover
CommerceIQ,https://www.crunchbase.com/organization/commerceiq
Contrast Security,https://www.crunchbase.com/organization/contrast-security
Darwinbox,https://www.crunchbase.com/organization/darwinbox
Dental Monitoring,https://www.crunchbase.com/organization/dental-monitoring
DianRong,https://www.crunchbase.com/organization/dianrong
Divergent 3D,https://www.crunchbase.com/organization/divergent3d
dMed Biopharmaceutical,https://www.crunchbase.com/organization/dmed
Dune Analytics,https://www.crunchbase.com/organization/dune-analytics
Dxy.cn,https://www.crunchbase.com/organization/dxy
EBANX,https://www.crunchbase.com/organization/ebanx
EcoFlow,https://www.crunchbase.com/organization/ecoflow-tech
EcoVadis,https://www.crunchbase.com/organization/ecovadis
Electric,https://www.crunchbase.com/organization/electric
Emerging Markets Property Group,https://www.crunchbase.com/organization/emerging-markets-property-group-empg
Esusu,https://www.crunchbase.com/organization/esusu-financial-inc
Evidation,https://www.crunchbase.com/organization/evidation-health
Expel,https://www.crunchbase.com/organization/expel
Factorial,https://www.crunchbase.com/organization/factorial
Feedzai,https://www.crunchbase.com/organization/feedzai
Fever Labs,https://www.crunchbase.com/organization/fever
Fiture,https://www.crunchbase.com/organization/future-fit
FLASH,https://www.crunchbase.com/organization/flashparking
Flash Express,https://www.crunchbase.com/organization/flash-express
FlashEx,https://www.crunchbase.com/organization/flashex
Flexe,https://www.crunchbase.com/organization/flexe
Flow,https://www.crunchbase.com/organization/flow-a98b
FourKites,https://www.crunchbase.com/organization/fourkites
Fractal Analytics,https://www.crunchbase.com/organization/fractal-analytics
Freshbooks,https://www.crunchbase.com/organization/freshbooks
FXiaoKe,https://www.crunchbase.com/organization/fxiaoke-com
Gauntlet Networks,https://www.crunchbase.com/organization/gauntlet
Gelato,https://www.crunchbase.com/organization/gelato-group
Genies,https://www.crunchbase.com/organization/blend-systems
Glean,https://www.crunchbase.com/organization/scio-technologies
Glia,https://www.crunchbase.com/organization/salemove
Globality,https://www.crunchbase.com/organization/globality-inc
Groq,https://www.crunchbase.com/organization/groq
Grover,https://www.crunchbase.com/organization/grover
Habi,https://www.crunchbase.com/organization/habi-fefd
Hailo,https://www.crunchbase.com/organization/hailo-technologies
Haomao.AI,https://www.analyticsinsight.net/top-100-ai-unicorns-and-their-success-stories-a-legendary-path/
Hasura,https://www.crunchbase.com/organization/hasura
HAYDON,https://www.crunchbase.com/organization/haydon
Heyday,https://www.crunchbase.com/organization/heyday-1635
HMD Global,https://www.crunchbase.com/organization/hmd-global-oy
Hosjoy,https://www.crunchbase.com/organization/haoxiangjia
Hotmart,https://www.crunchbase.com/organization/hotmart
Huike Group,https://www.crunchbase.com/organization/huikedu-group
HuJiang,https://www.crunchbase.com/organization/hujiang-com
Human Interest,https://www.crunchbase.com/organization/humaninterest
Hyperchain,https://www.crunchbase.com/organization/hyperchain-capital
Ibotta,https://www.crunchbase.com/organization/ibotta
iCarbonX,https://www.crunchbase.com/organization/icarbonx
IGAWorks,https://www.crunchbase.com/organization/igaworks
Immuta,https://www.crunchbase.com/organization/immuta
InFarm,https://www.crunchbase.com/organization/infarm
Infobip,https://www.crunchbase.com/organization/infobip
Injective Protocol,https://www.crunchbase.com/organization/injective-protocol
InMobi,https://www.crunchbase.com/organization/inmobi
Intellifusion,https://www.crunchbase.com/organization/intellifusion
Interos,https://www.crunchbase.com/organization/interos
Iodine Software,https://www.crunchbase.com/organization/iodine-software
iTutorGroup,https://www.crunchbase.com/organization/tutorgroup
JimuBox,https://www.crunchbase.com/organization/jimubox
JoyTunes,https://www.crunchbase.com/organization/joytunes
JupiterOne,https://www.crunchbase.com/organization/jupiterone
Keenon Robotics,https://www.crunchbase.com/organization/keenon-robotics
Kendra Scott,https://www.crunchbase.com/organization/kendra-scott-design
KnowBox,https://www.crunchbase.com/organization/knowbox-2
Kopi Kenangan,https://www.crunchbase.com/organization/kopikenangan
Lamabang,https://www.crunchbase.com/organization/lamabang
LayerZero Labs,https://www.crunchbase.com/organization/layerzero-labs
LeadSquared,https://www.crunchbase.com/organization/leadsquared
Lessen,https://www.crunchbase.com/organization/lessen
LetsGetChecked,https://www.crunchbase.com/organization/letsgetchecked
Licious,https://www.crunchbase.com/organization/licious
LINE MAN Wongnai,https://www.crunchbase.com/organization/line-man-wongnai
LinkDoc Technology,https://www.crunchbase.com/organization/linkdoc-technology
LinkSure Network,https://www.crunchbase.com/organization/wifi-skeleton-key
Locus Robotics,https://www.crunchbase.com/organization/locus-robotics
Lookout,https://www.crunchbase.com/organization/lookout
Lydia,https://www.crunchbase.com/organization/lydia
MadeiraMadeira,https://www.crunchbase.com/organization/madeiramadeira
Maimai,https://www.crunchbase.com/organization/maimai
Mammoth Biosciences,https://www.crunchbase.com/organization/mammoth-biosciences
Masterworks,https://www.crunchbase.com/organization/masterworks-ab11
Maven Clinic,https://www.crunchbase.com/organization/maven-clinic
MediaMath,https://www.crunchbase.com/organization/mediamath
Meero,https://www.crunchbase.com/organization/meero
Mensa Brands,https://www.crunchbase.com/organization/mensa-brands
Mia.com,https://www.crunchbase.com/organization/mia-com
MindMaze,https://www.crunchbase.com/organization/mindmaze
Minio,https://www.crunchbase.com/organization/minio-inc
MobiKwik,https://www.crunchbase.com/organization/mobikwik
Mobvoi,https://www.crunchbase.com/organization/mobvoi
Modernizing Medicine,https://www.crunchbase.com/organization/modernizing-medicine
Moka,https://www.crunchbase.com/organization/moka
Momenta,https://www.crunchbase.com/organization/momenta-ai
Morning Consult,https://www.crunchbase.com/organization/morning-consult
Movile,https://www.crunchbase.com/organization/mobile-inc
Mux,https://www.crunchbase.com/organization/mux-2
Nature's Fynd,https://www.crunchbase.com/organization/sustainable-bioproducts
News Break,https://www.crunchbase.com/organization/news-break
Newsela,https://www.crunchbase.com/organization/newsela
NexHealth,https://www.crunchbase.com/organization/nexhealth
Ninja Van,https://www.crunchbase.com/organization/ninja-van-2
NIUM,https://www.crunchbase.com/organization/nium
NoBroker,https://www.crunchbase.com/organization/nobroker
Noname Security,https://www.crunchbase.com/organization/noname-security
Numbrs,https://www.crunchbase.com/organization/centralway-holding-ag
Omada Health,https://www.crunchbase.com/organization/omada-health
Omio,https://www.crunchbase.com/organization/omio
ONE,https://www.crunchbase.com/organization/onefinance
Open,https://www.crunchbase.com/organization/open-5
Opn,https://www.crunchbase.com/organization/opn
Orca Bio,https://www.crunchbase.com/organization/orca-biosystem
Orchard,https://www.crunchbase.com/organization/orchardhomes
Owkin,https://www.crunchbase.com/organization/owkin-2
Oyster,https://www.crunchbase.com/organization/oyster-3150
PandaDoc,https://www.crunchbase.com/organization/pandadoc
Pantheon Systems,https://www.crunchbase.com/organization/pantheon
Pat McGrath Labs,https://www.crunchbase.com/organization/pat-mcgrath-labs
PatSnap,https://www.crunchbase.com/organization/patsnap
Payhawk,https://www.crunchbase.com/organization/payhawk
Paystand,https://www.crunchbase.com/organization/paystand
Pentera,https://www.crunchbase.com/organization/pcysys
Perimeter 81,https://www.crunchbase.com/organization/perimeter-81
Pet Circle,https://www.crunchbase.com/organization/pet-circle
PicsArt,https://www.crunchbase.com/organization/picsart
PLACE,https://www.crunchbase.com/organization/place-de12
Placer.ai,https://www.crunchbase.com/organization/placer
Playco,https://www.crunchbase.com/organization/playco
Poizon,https://www.crunchbase.com/organization/poizon
Polarium,https://www.crunchbase.com/organization/polarium
PPRO,https://www.crunchbase.com/organization/ppro-group
Printful,https://www.crunchbase.com/organization/printful
Quantum Metric,https://www.crunchbase.com/organization/quantum-metric
Quizlet,https://www.crunchbase.com/organization/quizlet
RapidAPI,https://www.crunchbase.com/organization/rapidapi
Razor,https://www.crunchbase.com/organization/razor-group
Red Ventures,https://www.crunchbase.com/organization/red-ventures
REEF Technology,https://www.crunchbase.com/organization/reef-technology
ReliaQuest,https://www.crunchbase.com/organization/reliaquest
Remarkable,https://www.crunchbase.com/organization/remarkable-3
Revolution Precrafted,https://www.crunchbase.com/organization/revolution-precrafted
Rothy's,https://www.crunchbase.com/organization/rothy-s
SaltPay,https://www.crunchbase.com/organization/saltpay
Satispay,https://www.crunchbase.com/organization/satispay
Savage X Fenty,https://www.crunchbase.com/organization/savage-x-fenty
Scalapay,https://www.crunchbase.com/organization/scalapay
Scandit,https://www.crunchbase.com/organization/scandit
SellerX,https://www.crunchbase.com/organization/sellerx
Shift Technology,https://www.crunchbase.com/organization/shift-technology
ShipBob,https://www.crunchbase.com/organization/shipbob
Shippo,https://www.crunchbase.com/organization/shippo
Sidecar Health,https://www.crunchbase.com/organization/sidecar-health
Sift,https://www.crunchbase.com/organization/sift-science
SingleStore,https://www.crunchbase.com/organization/memsql
SITECH DEV,https://www.crunchbase.com/organization/sitech-dev
Skydio,https://www.crunchbase.com/organization/skydio
SmartAsset,https://www.crunchbase.com/organization/smartasset
SMS Assist,https://www.crunchbase.com/organization/sms-assist
Snapdeal,https://www.crunchbase.com/organization/snapdeal
SnapLogic,https://www.crunchbase.com/organization/snaplogic
Snorkel AI,https://www.crunchbase.com/organization/snorkel-ai
Solo.io,https://www.crunchbase.com/organization/solo-io
Splashtop,https://www.crunchbase.com/organization/splashtop
Stability AI,https://www.crunchbase.com/organization/stability-ai
Standard,https://www.crunchbase.com/organization/standard-cognition
Stytch,https://www.crunchbase.com/organization/stytch-auth
Swile,https://www.crunchbase.com/organization/lunchr
Tarana Wireless,https://www.crunchbase.com/organization/tarana-wireless
Taxfix,https://www.crunchbase.com/organization/taxfix
TechStyle Fashion Group,https://www.crunchbase.com/organization/justfabulous
TensTorrent,https://www.crunchbase.com/organization/tenstorrent
TERMINUS Technology,https://www.crunchbase.com/organization/terminus-technologies-co
Tezign,https://www.crunchbase.com/organization/tezign
The Zebra,https://www.crunchbase.com/organization/the-zebra
Thirty Madison,https://www.crunchbase.com/organization/thirty-madison
Timescale,https://www.crunchbase.com/organization/timescaledb
Tractable,https://www.crunchbase.com/organization/tractable
TransferMate,https://www.crunchbase.com/organization/transfermate-global-payments
Tresata,https://www.crunchbase.com/organization/tresata
TrialSpark,https://www.crunchbase.com/organization/trialspark
TrueLayer,https://www.crunchbase.com/organization/truelayer
Turntide Technologies,https://www.crunchbase.com/organization/software-motor-company
Unstoppable Domains,https://www.crunchbase.com/organization/unstoppable-domains
UPSIDE Foods,https://www.crunchbase.com/organization/upside-foods
Vagaro,https://www.crunchbase.com/organization/vagaro
Vayyar,https://www.crunchbase.com/organization/vayyar
Vedantu,https://www.crunchbase.com/organization/vedantu-innovations
Veev,https://www.crunchbase.com/organization/veev-6ddd
Vendr,https://www.crunchbase.com/organization/vendr
Vesttoo,https://www.crunchbase.com/organization/vesttoo-87a2
Vise,https://www.crunchbase.com/organization/vise-ai
Visier,https://www.crunchbase.com/organization/visier
VOI,https://www.crunchbase.com/organization/voi-technology
Vox Media,https://www.crunchbase.com/organization/vox-media
VulcanForms,https://www.crunchbase.com/organization/vulcanforms
Wacai,https://www.crunchbase.com/organization/wacai
Watershed,https://www.crunchbase.com/organization/watershed-07e2
WeBull,https://www.crunchbase.com/organization/webull-588b
Weights & Biases,https://www.crunchbase.com/organization/weights-biases
WeLab,https://www.crunchbase.com/organization/welab
Womai,https://www.crunchbase.com/organization/womai-net
Worldcoin,https://www.crunchbase.com/organization/worldcoin
Wrapbook,https://www.crunchbase.com/organization/takeone
Xanadu,https://www.crunchbase.com/organization/xanadu-2
Xendit,https://www.crunchbase.com/organization/xendit
XForcePlus,https://www.crunchbase.com/organization/xforceplus
Xiaoe Tech,https://www.crunchbase.com/organization/xiaoe-tech
Xiaoice,https://www.crunchbase.com/organization/xiaoice
Yanolja,https://www.crunchbase.com/organization/yanolja
YH Global,https://www.crunchbase.com/organization/yh-global
YipitData,https://www.crunchbase.com/organization/yipitdata
Ynsect,https://www.crunchbase.com/organization/ynsect
Yunxuetang,https://www.crunchbase.com/organization/yunxuetang
Zebec,https://www.crunchbase.com/organization/zebec-protocol
Zhaogang,https://www.crunchbase.com/organization/zhaogang
Zhuan Zhuan,https://www.crunchbase.com/organization/zhuan-zhuan
Zihaiguo,https://www.crunchbase.com/organization/zihaiguo
Zopa,https://www.crunchbase.com/organization/zopa
Zwift,https://www.crunchbase.com/organization/zwift
