,Company,link
0,ByteDance,https://www.crunchbase.com/organization/bytedance
1,SpaceX,https://www.crunchbase.com/organization/space-exploration-technologies
2,SHEIN,https://www.crunchbase.com/organization/shein
3,Stripe,https://www.crunchbase.com/organization/stripe
4,Canva,https://www.crunchbase.com/organization/canva
5,Checkout.com,https://www.crunchbase.com/organization/checkout-com
6,Instacart,https://www.crunchbase.com/organization/instacart
7,Databricks,https://www.crunchbase.com/organization/databricks
8,Revolut,https://www.crunchbase.com/organization/revolut
9,Epic Games,https://www.crunchbase.com/organization/epic-games-2
10,Fanatics,https://www.crunchbase.com/organization/fanatics
11,Chime,https://www.crunchbase.com/organization/chime-2
12,BYJU's,https://www.crunchbase.com/organization/byju-s
13,J&T Express,https://www.crunchbase.com/organization/j-ventures
14,Xiaohongshu,https://www.crunchbase.com/organization/xiaohongshu
15,Miro,https://www.crunchbase.com/organization/realtimeboard
16,Yuanfudao,https://www.crunchbase.com/organization/yuanfudao
17,Discord,https://www.crunchbase.com/organization/discord
18,DJI Innovations,https://www.crunchbase.com/organization/dji
19,goPuff,https://www.crunchbase.com/organization/gopuff
20,Ripple,https://www.crunchbase.com/organization/ripple-labs
21,Yuanqi Senlin,https://www.crunchbase.com/organization/genki-forest
22,Blockchain.com,https://www.crunchbase.com/organization/blockchain-info
23,Plaid,https://www.crunchbase.com/organization/plaid
24,OpenSea,https://www.crunchbase.com/organization/opensea
25,Celonis,https://www.crunchbase.com/organization/celonis
26,Grammarly,https://www.crunchbase.com/organization/grammarly
27,Devoted Health,https://www.crunchbase.com/organization/devoted-health
28,Faire,https://www.crunchbase.com/organization/indigo-fair
29,Brex,https://www.crunchbase.com/organization/brex
30,Biosplice Therapeutics,https://www.crunchbase.com/organization/samumed
31,Bitmain Technologies,https://www.crunchbase.com/organization/bitmain
32,Deel,https://www.crunchbase.com/organization/deel
33,GoodLeap,https://www.crunchbase.com/organization/goodleap
34,JUUL Labs,https://www.crunchbase.com/organization/juul
35,Xingsheng Selected,https://www.crunchbase.com/organization/furong-xingsheng
36,Getir,https://www.crunchbase.com/organization/getir
37,Airtable,https://www.crunchbase.com/organization/airtable
38,ZongMu Technology,https://www.crunchbase.com/organization/zongmu
39,Rippling,https://www.crunchbase.com/organization/rippling
40,Global Switch,https://www.crunchbase.com/organization/global-switch
41,Bolt,https://www.crunchbase.com/organization/bolt-5
42,Weilong,https://www.crunchbase.com/organization/weilong-foods
43,Swiggy,https://www.crunchbase.com/organization/swiggy
44,Alchemy,https://www.crunchbase.com/organization/alchemy-insights
45,Chehaoduo,https://www.crunchbase.com/organization/guazi-com
46,Digital Currency Group,https://www.crunchbase.com/organization/digital-currency-group
47,Gusto,https://www.crunchbase.com/organization/gusto
48,KuCoin,https://www.crunchbase.com/organization/kucoin
49,Lalamove,https://www.crunchbase.com/organization/easyvan
50,Notion Labs,https://www.crunchbase.com/organization/notion-so
51,reddit,https://www.crunchbase.com/organization/reddit
52,Talkdesk,https://www.crunchbase.com/organization/talkdesk
53,Thrasio,https://www.crunchbase.com/organization/thrasio
54,OutSystems,https://www.crunchbase.com/organization/outsystems
55,ServiceTitan,https://www.crunchbase.com/organization/servicetitan
56,HEYTEA,https://www.crunchbase.com/organization/heytea
57,N26,https://www.crunchbase.com/organization/n26
58,Klaviyo,https://www.crunchbase.com/organization/klaviyo
59,TripActions,https://www.crunchbase.com/organization/navan
60,Northvolt,https://www.crunchbase.com/organization/northvolt-ab
61,Niantic,https://www.crunchbase.com/organization/nianticlabs
62,OYO Rooms,https://www.crunchbase.com/organization/oyo-rooms
63,Tanium,https://www.crunchbase.com/organization/tanium
64,Rapyd,https://www.crunchbase.com/organization/rapyd
65,Kavak,https://www.crunchbase.com/organization/kavak
66,Chainalysis,https://www.crunchbase.com/organization/chainalysis
67,Nuro,https://www.crunchbase.com/organization/nuro-2
68,Personio,https://www.crunchbase.com/organization/personio
69,Pony.ai,https://www.crunchbase.com/organization/pony-ai
70,SumUp,https://www.crunchbase.com/organization/sumup
71,Anduril,https://www.crunchbase.com/organization/anduril-industries
72,Bolt,https://www.crunchbase.com/organization/bolt-5
73,Lacework,https://www.crunchbase.com/organization/lacework
74,Tipalti,https://www.crunchbase.com/organization/tipalti
75,Ramp,https://www.crunchbase.com/organization/ramp-financial
76,Tempus,https://www.crunchbase.com/organization/tempus-3
77,Dream11,https://www.crunchbase.com/organization/dream11
78,FalconX,https://www.crunchbase.com/organization/falconx
79,Fireblocks,https://www.crunchbase.com/organization/fireblocks
80,Flexport,https://www.crunchbase.com/organization/flexport
81,StarkWare,https://www.crunchbase.com/organization/starkware-industries-ltd
82,Caris Life Sciences,https://www.crunchbase.com/organization/caris-life-sciences
83,Hopin,https://www.crunchbase.com/organization/hopin-8ff6
84,Dapper Labs,https://www.crunchbase.com/organization/dapper-labs
85,Automattic,https://www.crunchbase.com/organization/automattic
86,Netskope,https://www.crunchbase.com/organization/netskope
87,Ola Cabs,https://www.crunchbase.com/organization/ola
88,Razorpay,https://www.crunchbase.com/organization/razorpay
89,Carta,https://www.crunchbase.com/organization/eshares
90,Snyk,https://www.crunchbase.com/organization/snyk
91,Scale AI,https://www.crunchbase.com/organization/scale-2
92,Argo AI,https://www.crunchbase.com/organization/argo-ai
93,Gong,https://www.crunchbase.com/organization/gong-io
94,Gemini,https://www.crunchbase.com/organization/gemini-99b2
95,ConsenSys,https://www.crunchbase.com/organization/consensus-systems
96,Ro,https://www.crunchbase.com/organization/roman-2
97,Toss,https://www.crunchbase.com/organization/toss
98,We Doctor,https://www.crunchbase.com/organization/guahao
99,1Password,https://www.crunchbase.com/organization/1password
100,Automation Anywhere,https://www.crunchbase.com/organization/automation-anywhere
101,Klarna,https://www.crunchbase.com/organization/klarna
102,Ziroom,https://www.crunchbase.com/organization/ziroom
103,SVOLT,https://www.crunchbase.com/organization/svolt
104,Mollie,https://www.crunchbase.com/organization/mollie
105,National Stock Exchange of India,https://www.crunchbase.com/organization/national-stock-exchange
106,CRED,https://www.crunchbase.com/organization/cred-6ab0
107,Doctolib,https://www.crunchbase.com/organization/doctolib
108,DataRobot,https://www.crunchbase.com/organization/datarobot
109,Upgrade,https://www.crunchbase.com/organization/upgrade
110,Hinge Health,https://www.crunchbase.com/organization/hinge-health
111,Benchling,https://www.crunchbase.com/organization/benchling
112,Black Unicorn Factory,https://www.crunchbase.com/organization/black-unicorn-factory
113,Better.com,https://www.crunchbase.com/organization/bettermortgage
114,iCapital Network,https://www.crunchbase.com/organization/icapital-network
115,Royole Corporation,https://www.crunchbase.com/organization/royole-corporation
116,Wiz,https://www.crunchbase.com/organization/wiz-inc
117,Attentive,https://www.crunchbase.com/organization/attentive
118,Lyra Health,https://www.crunchbase.com/organization/lyra-health
119,Easyhome,https://www.crunchbase.com/organization/easyhome
120,Lianjia,https://www.crunchbase.com/organization/home-link
121,Back Market,https://www.crunchbase.com/organization/back-market
122,Cityblock Health,https://www.crunchbase.com/organization/cityblock-health
123,RELEX,https://www.crunchbase.com/organization/relex
124,The Boring Company,https://www.crunchbase.com/organization/the-boring-company
125,Vice Media,https://www.crunchbase.com/organization/vice
126,Workato,https://www.crunchbase.com/organization/workato
127,ContentSquare,https://www.crunchbase.com/organization/content-square
128,FiveTran,https://www.crunchbase.com/organization/fivetran
129,Postman,https://www.crunchbase.com/organization/postman
130,Airwallex,https://www.crunchbase.com/organization/airwallex
131,Mambu,https://www.crunchbase.com/organization/mambu
132,Trade Republic,https://www.crunchbase.com/organization/trade-republic
133,Collibra,https://www.crunchbase.com/organization/collibra
134,Rappi,https://www.crunchbase.com/organization/rappi
135,6Sense,https://www.crunchbase.com/organization/6sense
136,OneTrust,https://www.crunchbase.com/organization/onetrust
137,QuintoAndar,https://www.crunchbase.com/organization/quintoandar
138,C6 Bank,https://www.crunchbase.com/organization/c6-bank
139,Coalition,https://www.crunchbase.com/organization/coalition-535d
140,Cockroach Labs,https://www.crunchbase.com/organization/cockroach-labs
141,Flink,https://www.crunchbase.com/organization/flink-food-gmbh
142,Hello TransTech,https://www.crunchbase.com/organization/hellobike
143,Hopper,https://www.crunchbase.com/organization/hopper
144,Horizon Robotics,https://www.crunchbase.com/organization/horizon-robotics
145,Howden Group Holdings,https://www.crunchbase.com/organization/hyperion-insurance-group
146,Icertis,https://www.crunchbase.com/organization/icertis
147,Moon Active,https://www.crunchbase.com/organization/moon-active-ff8c
148,OakNorth Bank,https://www.crunchbase.com/organization/oaknorth
149,OfBusiness,https://www.crunchbase.com/organization/ofbusiness
150,Ola Electric Mobility,https://www.crunchbase.com/organization/ola-electric
151,Pine Labs,https://www.crunchbase.com/organization/pinelabs
152,Qonto,https://www.crunchbase.com/organization/qonto
153,SambaNova Systems,https://www.crunchbase.com/organization/sambanova-systems
154,ShareChat,https://www.crunchbase.com/organization/sharechat
155,VerSe Innovation,https://www.crunchbase.com/organization/verse-innovations
156,ZEPZ,https://www.crunchbase.com/organization/zepz
157,Grafana Labs,https://www.crunchbase.com/organization/raintank
158,Meesho,https://www.crunchbase.com/organization/meesho
159,Cerebral,https://www.crunchbase.com/organization/cerebral
160,Creditas,https://www.crunchbase.com/organization/creditas
161,Reify Health,https://www.crunchbase.com/organization/reify-health
162,Chipone,https://www.crunchbase.com/organization/chipone-technology
163,BetterUp,https://www.crunchbase.com/organization/betterup
164,Pleo,https://www.crunchbase.com/organization/pleo-company
165,SonarSource,https://www.crunchbase.com/organization/sonarsource
166,Checkr,https://www.crunchbase.com/organization/checkr
167,Color,https://www.crunchbase.com/organization/color-genomics
168,Lendable,https://www.crunchbase.com/organization/lendable
169,UBTECH Robotics,https://www.crunchbase.com/organization/ubtech
170,Vinted,https://www.crunchbase.com/organization/vinted
171,Lenskart,https://www.crunchbase.com/organization/lenskart-com
172,Monzo,https://www.crunchbase.com/organization/monzo
173,Socure,https://www.crunchbase.com/organization/socure
174,VIPKid,https://www.crunchbase.com/organization/vipkid
175,wefox,https://www.crunchbase.com/organization/wefox
176,Guild Education,https://www.crunchbase.com/organization/guild-education
177,Outreach,https://www.crunchbase.com/organization/outreach
178,WeRide,https://www.crunchbase.com/organization/werideai
179,Arctic Wolf Networks,https://www.crunchbase.com/organization/arctic-wolf-networks
180,Sorare,https://www.crunchbase.com/organization/sorare
181,Miaoshou Doctor,https://www.crunchbase.com/organization/miaoshou-doctor
182,dbt Labs,https://www.crunchbase.com/organization/dbt-labs
183,Globalization Partners,https://www.crunchbase.com/organization/globalization-partners
184,Relativity Space,https://www.crunchbase.com/organization/relativity-space
185,ThoughtSpot,https://www.crunchbase.com/organization/thoughtspot
186,SSENSE,https://www.crunchbase.com/organization/ssense
187,BitPanda,https://www.crunchbase.com/organization/bitpanda
188,Dataminr,https://www.crunchbase.com/organization/dataminr
189,Weee!,https://www.crunchbase.com/organization/weee
190,Abnormal Security,https://www.crunchbase.com/organization/abnormal-security
191,Aurora Solar,https://www.crunchbase.com/organization/aurora-solar
192,Branch,https://www.crunchbase.com/organization/branch-metrics
193,BrowserStack,https://www.crunchbase.com/organization/browserstack
194,Cerebras Systems,https://www.crunchbase.com/organization/cerebras-systems
195,ClickUp,https://www.crunchbase.com/organization/clickup
196,Clubhouse,https://www.crunchbase.com/organization/clubhouse-voice
197,Digit Insurance,https://www.crunchbase.com/organization/digit-insurance
198,Farmers Business Network,https://www.crunchbase.com/organization/farmers-business-network
199,Greensill,https://www.crunchbase.com/organization/greensill-capital
200,Houzz,https://www.crunchbase.com/organization/houzz
201,Impossible Foods,https://www.crunchbase.com/organization/impossible-foods
202,MEGVII,https://www.crunchbase.com/organization/megvii-technology
203,Melio,https://www.crunchbase.com/organization/melio-0bc5
204,Next Insurance,https://www.crunchbase.com/organization/next-insurance
205,Olive,https://www.crunchbase.com/organization/olive-ai
206,Patreon,https://www.crunchbase.com/organization/patreon
207,PointClickCare,https://www.crunchbase.com/organization/pointclickcare
208,Radiology Partners,https://www.crunchbase.com/organization/radiology-partners
209,Rubrik,https://www.crunchbase.com/organization/rubrik
210,Skydance Media,https://www.crunchbase.com/organization/skydance-media
211,Vuori,https://www.crunchbase.com/organization/vuori
212,Webflow,https://www.crunchbase.com/organization/webflow
213,Yello Mobile,https://www.crunchbase.com/organization/yello-mobile
214,Yuga Labs,https://www.crunchbase.com/organization/yuga-labs
215,Zapier,https://www.crunchbase.com/organization/zapier
216,Hozon Auto,https://www.crunchbase.com/organization/hozon
217,Medlinker,https://www.crunchbase.com/organization/medlinker
218,Convoy,https://www.crunchbase.com/organization/convoy-3
219,Intarcia Therapeutics,https://www.crunchbase.com/organization/intarcia-therapeutics
220,MessageBird,https://www.crunchbase.com/organization/messagebird
221,StockX,https://www.crunchbase.com/organization/stockx
222,Articulate,https://www.crunchbase.com/organization/articulate
223,Dutchie,https://www.crunchbase.com/organization/dutchie
224,Abogen,https://www.crunchbase.com/organization/abogen-biosciences
225,Cohesity,https://www.crunchbase.com/organization/cohesity
226,Dataiku,https://www.crunchbase.com/organization/dataiku
227,GOAT,https://www.crunchbase.com/organization/goatapp
228,Harness,https://www.crunchbase.com/organization/harness-512d
229,Noom,https://www.crunchbase.com/organization/noom
230,Papaya Global,https://www.crunchbase.com/organization/papaya-global
231,Redwood Materials,https://www.crunchbase.com/organization/redwood-materials-3
232,VAST Data,https://www.crunchbase.com/organization/vast-data
233,Whatnot,https://www.crunchbase.com/organization/whatnot
234,Autograph,https://www.crunchbase.com/organization/autograph-862f
235,Applied Intuition,https://www.crunchbase.com/organization/applied-intuition
236,Course Hero,https://www.crunchbase.com/organization/coursehero
237,Relativity,https://www.crunchbase.com/organization/kcura
238,SpotOn,https://www.crunchbase.com/organization/spoton
239,Whoop,https://www.crunchbase.com/organization/whoop-inc
240,Otto Bock HealthCare,https://www.crunchbase.com/organization/ottobock
241,Acronis,https://www.crunchbase.com/organization/acronis
242,Celsius Network,https://www.crunchbase.com/organization/celsius-network
243,ChargeBee Technologies,https://www.crunchbase.com/organization/chargebee
244,Commure,https://www.crunchbase.com/organization/commure
245,Flock Safety,https://www.crunchbase.com/organization/flock-safety
246,GoStudent,https://www.crunchbase.com/organization/gostudent
247,Handshake,https://www.crunchbase.com/organization/handshake-2
248,Helion Energy,https://www.crunchbase.com/organization/helion-energy
249,Highspot,https://www.crunchbase.com/organization/highspot-2
250,HyalRoute,https://www.crunchbase.com/organization/hyalroute
251,Indigo Ag,https://www.crunchbase.com/organization/indigoag
252,Mirakl,https://www.crunchbase.com/organization/mirakl
253,Rec Room,https://www.crunchbase.com/organization/against-gravity
254,Tekion,https://www.crunchbase.com/organization/tekion
255,Unacademy,https://www.crunchbase.com/organization/unacademy
256,Odoo,https://www.crunchbase.com/organization/odoo
257,MoonPay,https://www.crunchbase.com/organization/moonpay
258,Upstox,https://www.crunchbase.com/organization/upstox
259,Improbable,https://www.crunchbase.com/organization/improbable
260,OwnBackup,https://www.crunchbase.com/organization/ownbackup
261,Starburst,https://www.crunchbase.com/organization/starburst
262,Youxia Motors,https://www.crunchbase.com/organization/youxiamotors
263,Starling Bank,https://www.crunchbase.com/organization/starling-3
264,ECARX,https://www.crunchbase.com/organization/ecarx
265,Cars24,https://www.crunchbase.com/organization/cars24
266,Komodo Health,https://www.crunchbase.com/organization/komodo-health
267,Kurly,https://www.crunchbase.com/organization/market-kurly
268,Scopely,https://www.crunchbase.com/organization/scopely
269,Sila Nanotechnologies,https://www.crunchbase.com/organization/sila-nanotechnologies
270,Via,https://www.crunchbase.com/organization/via-transportation
271,BlockDaemon,https://www.crunchbase.com/organization/blockdaemon
272,Dadi Cinema,https://www.crunchbase.com/organization/dadi-cinema
273,Aiven,https://www.crunchbase.com/organization/aiven
274,ApplyBoard,https://www.crunchbase.com/organization/applyboard
275,Astera Labs,https://www.crunchbase.com/organization/astera-labs
276,Blockstream,https://www.crunchbase.com/organization/blockstream
277,Cedar,https://www.crunchbase.com/organization/cedar-0db2
278,Eikon Therapeutics,https://www.crunchbase.com/organization/eikon-therapeutics
279,Eruditus Executive Education,https://www.crunchbase.com/organization/eruditus-executive-education
280,Innovaccer,https://www.crunchbase.com/organization/innovaccer
281,Ironclad,https://www.crunchbase.com/organization/ironclad
282,Retool,https://www.crunchbase.com/organization/retool
283,Skims,https://www.crunchbase.com/organization/skims
284,Thumbtack,https://www.crunchbase.com/organization/thumbtack
285,Verkada,https://www.crunchbase.com/organization/verkada
286,PsiQuantum,https://www.crunchbase.com/organization/psiquantum
287,Gorillas,https://www.crunchbase.com/organization/gorillas
288,HighRadius,https://www.crunchbase.com/organization/highradius
289,Nuvemshop,https://www.crunchbase.com/organization/nuvemshop-tiendanube
290,Udaan,https://www.crunchbase.com/organization/udaan
291,ActiveCampaign,https://www.crunchbase.com/organization/activecampaign
292,Age of Learning,https://www.crunchbase.com/organization/age-of-learning
293,Amber Group,https://www.crunchbase.com/organization/amber-ai
294,Anchorage Digital,https://www.crunchbase.com/organization/anchorage
295,BGL Group,https://www.crunchbase.com/organization/bgl-group-peterborough-united-kingdom
296,BlockFi,https://www.crunchbase.com/organization/blockfi-inc
297,Calendly,https://www.crunchbase.com/organization/calendly
298,Carbon Health,https://www.crunchbase.com/organization/carbon-health
299,Circle,https://www.crunchbase.com/organization/circle-2
300,CMR Surgical,https://www.crunchbase.com/organization/cmr-surgical
301,Contentful,https://www.crunchbase.com/organization/contentful
302,Cross River Bank,https://www.crunchbase.com/organization/cross-river-bank
303,FlixMobility,https://www.crunchbase.com/organization/flixbus
304,Flutterwave,https://www.crunchbase.com/organization/flutterwave
305,Forter,https://www.crunchbase.com/organization/forter
306,Groww,https://www.crunchbase.com/organization/groww
307,Inxeption,https://www.crunchbase.com/organization/inxeption
308,KK Group,https://www.crunchbase.com/organization/kkguan
309,Lattice,https://www.crunchbase.com/organization/lattice-2
310,LaunchDarkly,https://www.crunchbase.com/organization/launchdarkly
311,Lucid Software,https://www.crunchbase.com/organization/lucidchart
312,Outschool,https://www.crunchbase.com/organization/outschool
313,Podium,https://www.crunchbase.com/organization/podium-2
314,Remote,https://www.crunchbase.com/organization/remote-d596
315,Seismic,https://www.crunchbase.com/organization/seismic-software
316,Sentry,https://www.crunchbase.com/organization/sentry
317,Sky Mavis,https://www.crunchbase.com/organization/sky-mavis
318,SouChe Holdings,https://www.crunchbase.com/organization/souche
319,TradingView,https://www.crunchbase.com/organization/tradingview
320,Traveloka,https://www.crunchbase.com/organization/traveloka
321,Wildlife Studios,https://www.crunchbase.com/organization/wildlife-studios
322,Yixia,https://www.crunchbase.com/organization/yixia-technology
323,Zuoyebang,https://www.crunchbase.com/organization/zuoyebang
324,Kraken,https://www.crunchbase.com/organization/kraken
325,OpenAI,https://www.crunchbase.com/organization/openai
326,Loft,https://www.crunchbase.com/organization/loft-br
327,Workrise,https://www.crunchbase.com/organization/rigup
328,Gokin Solar,https://www.crunchbase.com/organization/guangdong-gaojing-solar-energy-technology
329,Alan,https://www.crunchbase.com/organization/alan-3
330,BharatPe,https://www.crunchbase.com/organization/bharatpe
331,DriveWealth,https://www.crunchbase.com/organization/drivewealth
332,Motive,https://www.crunchbase.com/organization/Motive
333,Meicai,https://www.crunchbase.com/organization/meicai
334,Zipline,https://www.crunchbase.com/organization/zipline-international
335,Nutrabolt,https://www.crunchbase.com/organization/nutrabolt
336,Graphcore,https://www.crunchbase.com/organization/graphcore
337,Dream Games,https://www.crunchbase.com/organization/dream-games
338,Illumio,https://www.crunchbase.com/organization/illumio
339,MasterClass,https://www.crunchbase.com/organization/masterclass
340,Transmit Security,https://www.crunchbase.com/organization/transmit-security
341,Ethos,https://www.crunchbase.com/organization/ethos-life
342,Nextiva,https://www.crunchbase.com/organization/nextiva
343,o9 Solutions,https://www.crunchbase.com/organization/o9-solutions
344,Thought Machine,https://www.crunchbase.com/organization/thoughtmachine
345,Tradeshift,https://www.crunchbase.com/organization/tradeshift
346,Tridge,https://www.crunchbase.com/organization/tridge
347,Zetwerk,https://www.crunchbase.com/organization/zetwerk
348,BackBase,https://www.crunchbase.com/organization/backbase
349,Freenome,https://www.crunchbase.com/organization/freenome
350,JumpCloud,https://www.crunchbase.com/organization/jumpcloud
351,Project44,https://www.crunchbase.com/organization/project44
352,Sourcegraph,https://www.crunchbase.com/organization/sourcegraph
353,Axonius,https://www.crunchbase.com/organization/axonius
354,Clari,https://www.crunchbase.com/organization/clari
355,ManoMano,https://www.crunchbase.com/organization/manomano
356,Moglix,https://www.crunchbase.com/organization/moglix
357,Pendo,https://www.crunchbase.com/organization/pendo-io
358,Plume,https://www.crunchbase.com/organization/plume
359,Unico,https://www.crunchbase.com/organization/acesso-digital
360,Eat Just,https://www.crunchbase.com/organization/just-inc
361,Oura,https://www.crunchbase.com/organization/%25C5%258Cura
362,A24 Films,https://www.crunchbase.com/organization/a24-1a26
363,Aura,https://www.crunchbase.com/organization/aura-company
364,BYTON,https://www.crunchbase.com/organization/byton
365,Cato Networks,https://www.crunchbase.com/organization/cato-networks
366,Coda Payments,https://www.crunchbase.com/organization/coda-payments
367,Cribl,https://www.crunchbase.com/organization/cribl
368,DriveNets,https://www.crunchbase.com/organization/drivenets
369,Fetch Rewards,https://www.crunchbase.com/organization/fetch-rewards
370,Games24x7,https://www.crunchbase.com/organization/play-games24x7-pvt-ltd
371,Immutable,https://www.crunchbase.com/organization/immutable-systems
372,Infra.Market,https://www.crunchbase.com/organization/infra-market
373,Jetti Resources,https://www.crunchbase.com/organization/jetti-resources
374,Side,https://www.crunchbase.com/organization/side-5e5b
375,SiFive,https://www.crunchbase.com/organization/sifive
376,Somatus,https://www.crunchbase.com/organization/somatus
377,Sysdig,https://www.crunchbase.com/organization/sysdig
378,Uniphore,https://www.crunchbase.com/organization/uniphore
379,Varo Bank,https://www.crunchbase.com/organization/varo-money
380,Vercel,https://www.crunchbase.com/organization/vercel
381,Vista Global,https://www.crunchbase.com/organization/vista-global
382,Hibob,https://www.crunchbase.com/organization/hibob
383,Mobile Premier League,https://www.crunchbase.com/organization/mobile-premier-league-mpl
384,Uala,https://www.crunchbase.com/organization/uala
385,Cybereason,https://www.crunchbase.com/organization/cybereason
386,Cgtz,https://www.crunchbase.com/organization/cgtz
387,EquipmentShare,https://www.crunchbase.com/organization/equipmentshare
388,Star Charge,https://www.crunchbase.com/organization/star-charge
389,ABL Space Systems,https://www.crunchbase.com/organization/abl-space-systems
390,Beta Technologies,https://www.crunchbase.com/organization/beta-technologies-1ecd
391,BitSight Technologies,https://www.crunchbase.com/organization/bitsight
392,Carbon,https://www.crunchbase.com/organization/carbon3d
393,Exabeam,https://www.crunchbase.com/organization/exabeam
394,HoneyBook,https://www.crunchbase.com/organization/honeybook
395,Paxos,https://www.crunchbase.com/organization/paxos
396,PolicyBazaar,https://www.crunchbase.com/organization/policybazaar
397,Rokt,https://www.crunchbase.com/organization/rokt
398,Trumid,https://www.crunchbase.com/organization/trumid
399,Jobandtalent,https://www.crunchbase.com/organization/jobandtalent
400,ManyPets,https://www.crunchbase.com/organization/manypets
401,WEMAKEPRICE,https://www.crunchbase.com/organization/wemakeprice
402,Biren Technology,https://www.crunchbase.com/organization/biren-technology
403,Voodoo,https://www.crunchbase.com/organization/voodoo-e334
404,Bowery Farming,https://www.crunchbase.com/organization/bowery-farming-inc
405,Greenlight,https://www.crunchbase.com/organization/greenlight-com
406,Shield AI,https://www.crunchbase.com/organization/shield-ai
407,Uptake,https://www.crunchbase.com/organization/uptake-3
408,MoMo,https://www.crunchbase.com/organization/momo-vn
409,Algolia,https://www.crunchbase.com/organization/algolia
410,Pattern,https://www.crunchbase.com/organization/pattern-9b1a
411,UpGrad,https://www.crunchbase.com/organization/upgrad
412,Zume,https://www.crunchbase.com/organization/zume-inc
413,Bitso,https://www.crunchbase.com/organization/bitso
414,BloomReach,https://www.crunchbase.com/organization/bloomreach
415,Current,https://www.crunchbase.com/organization/current-6
416,Dialpad,https://www.crunchbase.com/organization/dialpad
417,G7 Networks,https://www.crunchbase.com/organization/g7-logistics-networks
418,Gympass,https://www.crunchbase.com/organization/gympass
419,Motif FoodWorks,https://www.crunchbase.com/organization/motif-ingredients
420,MUSINSA,https://www.crunchbase.com/organization/musinsa
421,Newfront Insurance,https://www.crunchbase.com/organization/abe-4
422,NuCom Group,https://www.crunchbase.com/organization/nucom-group
423,Accelerant,https://www.crunchbase.com/organization/accelerant-3396
424,Huaqin Telecom Technology,https://www.crunchbase.com/organization/huaqin-communication-technology
425,Hesai Tech,https://www.crunchbase.com/organization/hesai
426,Addepar,https://www.crunchbase.com/organization/addepar
427,Qualia,https://www.crunchbase.com/organization/qualia-labs-inc
428,YITU Technology,https://www.crunchbase.com/organization/yitu-technology
429,CloudWalk,https://www.crunchbase.com/organization/cloudwalk
430,CoinDCX,https://www.crunchbase.com/organization/coindcx
431,Aledade,https://www.crunchbase.com/organization/aledade
432,Eightfold.ai,https://www.crunchbase.com/organization/eightfold
433,FirstCry,https://www.crunchbase.com/organization/firstcry-com
434,Forto,https://www.crunchbase.com/organization/forto
435,GoCardless,https://www.crunchbase.com/organization/gocardless
436,Jeeves,https://www.crunchbase.com/organization/jeeves-f2f5
437,Medable,https://www.crunchbase.com/organization/medable-inc
438,Moveworks,https://www.crunchbase.com/organization/moveworks
439,PayFit,https://www.crunchbase.com/organization/payfit
440,ReCharge,https://www.crunchbase.com/organization/recharge-payments
441,Urban Company,https://www.crunchbase.com/organization/urbanclap
442,21.co,https://www.crunchbase.com/organization/21-co-9bd2
443,4Paradigm,https://www.crunchbase.com/organization/4paradigm
444,Advance Intelligence Group,https://www.crunchbase.com/organization/advance-intelligence-group
445,Akulaku,https://www.crunchbase.com/organization/akulaku-inc
446,Apeel Sciences,https://www.crunchbase.com/organization/apeel-sciences
447,AppsFlyer,https://www.crunchbase.com/organization/appsflyer
448,Avant,https://www.crunchbase.com/organization/avant-credit
449,Aviatrix,https://www.crunchbase.com/organization/aviatrix
450,Babel Finance,https://www.crunchbase.com/organization/babel-finance
451,Beisen,https://www.crunchbase.com/organization/beisen
452,BeZero,https://www.crunchbase.com/organization/bezero-carbon
453,BlaBlaCar,https://www.crunchbase.com/organization/blablacar
454,Black Sesame Technologies,https://www.crunchbase.com/organization/black-sesame-intelligent-technology/org_similarity_overview
455,Bunq,https://www.crunchbase.com/organization/bunq
456,Calm,https://www.crunchbase.com/organization/calm-com
457,CertiK,https://www.crunchbase.com/organization/certik
458,Chipper Cash,https://www.crunchbase.com/organization/chipper-cash
459,Clearco,https://www.crunchbase.com/organization/clearbanc
460,ClickHouse,https://www.crunchbase.com/organization/clickhouse
461,Clip,https://www.crunchbase.com/organization/payclip
462,Cloudinary,https://www.crunchbase.com/organization/cloudinary
463,Devo Technology,https://www.crunchbase.com/organization/logtrust-s-l
464,Divvy Homes,https://www.crunchbase.com/organization/divvy-homes
465,Drata,https://www.crunchbase.com/organization/drata
466,Dremio,https://www.crunchbase.com/organization/dremio-corporation
467,Druva,https://www.crunchbase.com/organization/druva-software
468,Earnix,https://www.crunchbase.com/organization/earnix
469,Everlaw,https://www.crunchbase.com/organization/everlaw
470,Exotec,https://www.crunchbase.com/organization/exotec
471,Formlabs,https://www.crunchbase.com/organization/formlabs
472,Geek+,https://www.crunchbase.com/organization/geek
473,GO1,https://www.crunchbase.com/organization/go1
474,GrubMarket,https://www.crunchbase.com/organization/grubmarket-inc
475,Guoquan Shihui,https://www.crunchbase.com/organization/guoquan-shihui
476,Hive,https://www.crunchbase.com/organization/hive-dc0c
477,Hugging Face,https://www.crunchbase.com/organization/hugging-face
478,HuiMin,https://www.crunchbase.com/organization/huimin
479,ISN,https://www.crunchbase.com/organization/isn-software-corporation
480,Iterable,https://www.crunchbase.com/organization/iterable
481,Kajabi,https://www.crunchbase.com/organization/kajabi
482,Kaseya,https://www.crunchbase.com/organization/kaseya
483,Keep,https://www.crunchbase.com/organization/keep-3
484,KRY,https://www.crunchbase.com/organization/kry
485,Kujiale,https://www.crunchbase.com/organization/kujiale
486,Loggi,https://www.crunchbase.com/organization/loggi
487,LTK,https://www.crunchbase.com/organization/rewardstyle
488,Lunar,https://www.crunchbase.com/organization/lunar-bank
489,Mafengwo,https://www.crunchbase.com/organization/mafengwo
490,Magic Leap,https://www.crunchbase.com/organization/magic-leap
491,Misfits Market,https://www.crunchbase.com/organization/misfits-market
492,Modern Treasury,https://www.crunchbase.com/organization/modern-treasury
493,MURAL,https://www.crunchbase.com/organization/mural-ly
494,Mynt,https://www.crunchbase.com/organization/mynt
495,Mysten Labs,https://www.crunchbase.com/organization/mysten-labs
496,Neo4j,https://www.crunchbase.com/organization/neo-technology
497,Netlify,https://www.crunchbase.com/organization/netlify
498,OCSiAl,https://www.crunchbase.com/organization/ocsial
499,Opay,https://www.crunchbase.com/organization/opay-operapay
500,Pipe,https://www.crunchbase.com/organization/pipe
501,Preferred Networks,https://www.crunchbase.com/organization/preferred-networks
502,Quora,https://www.crunchbase.com/organization/quora
503,Redis Labs,https://www.crunchbase.com/organization/redis
504,Rimac Automobili,https://www.crunchbase.com/organization/rimac-automobili
505,ROX Motor,https://www.crunchbase.com/organization/rox-motor
506,Salsify,https://www.crunchbase.com/organization/salsify
507,SmartNews,https://www.crunchbase.com/organization/smartnews-inc
508,Solugen,https://www.crunchbase.com/organization/solugen
509,Spring Health,https://www.crunchbase.com/organization/spring-care
510,SWORD Health,https://www.crunchbase.com/organization/sword-health
511,Tier,https://www.crunchbase.com/organization/tier-mobility
512,Trax,https://www.crunchbase.com/organization/traxretail
513,Trendy Group International,https://www.crunchbase.com/organization/trendy-international-group
514,Tubatu.com,https://www.crunchbase.com/organization/to8to
515,Unqork,https://www.crunchbase.com/organization/unqork
516,VerbIT,https://www.crunchbase.com/organization/verbit-ai
517,Virta Health,https://www.crunchbase.com/organization/virta
518,Xinchao Media,https://www.crunchbase.com/organization/xinchao-media
519,Xingyun Group,https://www.crunchbase.com/organization/xingyun-group
520,XtalPi,https://www.crunchbase.com/organization/xtalpi
521,Zilch,https://www.crunchbase.com/organization/zilch-technology-limited
522,Ankorstore,https://www.crunchbase.com/organization/ankorstore
523,Fenbi Education,https://www.crunchbase.com/organization/fenbi-wang
524,Roofstock,https://www.crunchbase.com/organization/roofstock
525,thatgamecompany,https://www.crunchbase.com/organization/thatgamecompany
526,ZigBang,https://www.crunchbase.com/organization/zig-bang
527,Acorns,https://www.crunchbase.com/organization/acorns-grow
528,CoinSwitch Kuber,https://www.crunchbase.com/organization/coinswitch
529,ConcertAI,https://www.crunchbase.com/organization/concertai
530,eDaili,https://www.crunchbase.com/organization/ebroker
531,InVision,https://www.crunchbase.com/organization/invisionapp
532,Material Bank,https://www.crunchbase.com/organization/material-bank
533,MX Technologies,https://www.crunchbase.com/organization/moneydesktop
534,Volocopter,https://www.crunchbase.com/organization/volocopter
535,CFGI,https://www.crunchbase.com/organization/cfgi
536,ENOVATE,https://www.crunchbase.com/organization/enovate
537,MEGAZONE,https://www.crunchbase.com/organization/megazone-cloud
538,Diamond Foundry,https://www.crunchbase.com/organization/diamond-foundry
539,FullStory,https://www.crunchbase.com/organization/fullstory
540,Lightricks,https://www.crunchbase.com/organization/lightricks
541,Opentrons,https://www.crunchbase.com/organization/opentrons
542,Orca Security,https://www.crunchbase.com/organization/orca-security
543,Slice,https://www.crunchbase.com/organization/slice
544,ZocDoc,https://www.crunchbase.com/organization/zocdoc
545,Cambrian BioPharma,https://www.crunchbase.com/organization/cambrian-biopharma
546,AIWAYS,https://www.crunchbase.com/organization/aiways
547,Crusoe,https://www.crunchbase.com/organization/crusoe-energy-systems
548,Spinny,https://www.crunchbase.com/organization/spinny
549,Trulioo,https://www.crunchbase.com/organization/trulioo
550,Apus Group,https://www.crunchbase.com/organization/apus
551,Forte Labs,https://www.crunchbase.com/organization/forte-e22c
552,Productboard,https://www.crunchbase.com/organization/productboard
553,Alation,https://www.crunchbase.com/organization/alation
554,AlphaSense,https://www.crunchbase.com/organization/alphasense
555,Carsome,https://www.crunchbase.com/organization/carsome
556,CircleCI,https://www.crunchbase.com/organization/circle-ci
557,DealShare,https://www.crunchbase.com/organization/dealshare
558,DispatchHealth,https://www.crunchbase.com/organization/dispatchhealth
559,Dragos,https://www.crunchbase.com/organization/dragos
560,Front,https://www.crunchbase.com/organization/front-app
561,Gousto,https://www.crunchbase.com/organization/gousto
562,H2O.ai,https://www.crunchbase.com/organization/h2o-2
563,Harry's,https://www.crunchbase.com/organization/harrys
564,HomeLight,https://www.crunchbase.com/organization/homelight
565,Multiverse,https://www.crunchbase.com/organization/whitehat
566,PAX,https://www.crunchbase.com/organization/pax-labs
567,Pax8,https://www.crunchbase.com/organization/pax8
568,Redesign Health,https://www.crunchbase.com/organization/redesign-health
569,Reltio,https://www.crunchbase.com/organization/reltio
570,Spotter,https://www.crunchbase.com/organization/spotter-0c62
571,Vestiaire Collective,https://www.crunchbase.com/organization/vestiairedecopines
572,Wave,https://www.crunchbase.com/organization/thewave
573,ZenBusiness,https://www.crunchbase.com/organization/zenbusiness
574,Tessera Therapeutics,https://www.crunchbase.com/organization/tessera-therapeutics
575,FinAccel,https://www.crunchbase.com/organization/finaccel
576,Uniswap,https://www.crunchbase.com/organization/uniswap-labs
577,Glossier,https://www.crunchbase.com/organization/glossier
578,Incredible Health,https://www.crunchbase.com/organization/incredible-health
579,Optimism,https://www.crunchbase.com/organization/optimism
580,solarisBank,https://www.crunchbase.com/organization/solarisbank-ag
581,Jusfoun Big Data,https://www.crunchbase.com/organization/jusfoun-big-data
582,Transcarent,https://www.crunchbase.com/organization/transcarent
583,Zhubajie,https://www.crunchbase.com/organization/zhubajie-com
584,Afiniti,https://www.crunchbase.com/organization/afiniti
585,ASAPP,https://www.crunchbase.com/organization/asapp
586,Cao Cao Mobility,https://www.crunchbase.com/organization/caocao-mobility
587,Capitolis,https://www.crunchbase.com/organization/capitolis
588,Clio,https://www.crunchbase.com/organization/clio
589,Cresta,https://www.crunchbase.com/organization/cresta
590,DataStax,https://www.crunchbase.com/organization/datastax
591,ezCater,https://www.crunchbase.com/organization/ezcater
592,Infinidat,https://www.crunchbase.com/organization/infinidat
593,Magic Eden,https://www.crunchbase.com/organization/magic-eden
594,Mercury,https://www.crunchbase.com/organization/mercury-technologies
